,xml_index,text_top,text_left,text_width,text_height,text,font_size,font_family,font_color,attrib,font_family_updated,font_size_updated,children,word_coords
0,0,13,310,563,23," वित्त मंत्रालय ........................................ 04-800,2066 46:3857",15,Arial,#fafafa,,Arial,14,"{""index"":{""0"":0,""1"":1,""2"":2},""xml_index"":{""0"":2,""1"":3,""2"":0},""text_top"":{""0"":14,""1"":14,""2"":13},""text_left"":{""0"":310,""1"":344,""2"":697},""text_width"":{""0"":29,""1"":52,""2"":176},""text_height"":{""0"":22,""1"":22,""2"":17},""text"":{""0"":""\u093f\u0935\u039f"",""1"":""\u092e\u0902\u2568\u093e\u0932\u092f"",""2"":""01\u00adApril,\u00a02016\u00a016:38\u00a0IST""},""font_size"":{""0"":16,""1"":16,""2"":15},""font_family"":{""0"":""Nirmala UI"",""1"":""Nirmala UI"",""2"":""Arial""},""font_color"":{""0"":""#fafafa"",""1"":""#fafafa"",""2"":""#fafafa""},""attrib"":{""0"":"""",""1"":"""",""2"":""SUPERSCRIPT""},""font_family_updated"":{""0"":""Nirmala UI"",""1"":""Nirmala UI"",""2"":""Arial""},""font_size_updated"":{""0"":15,""1"":15,""2"":14}}","[{'text': 'वित्त', 'conf': 96, 'text_left': 861, 'text_top': 36, 'text_width': 91, 'text_height': 85}, {'text': 'मंत्रालय', 'conf': 88, 'text_left': 951, 'text_top': 36, 'text_width': 160, 'text_height': 85}, {'text': '........................................', 'conf': 19, 'text_left': 861, 'text_top': 36, 'text_width': 1575, 'text_height': 67}, {'text': '04-800,2066', 'conf': 0, 'text_left': 1934, 'text_top': 36, 'text_width': 282, 'text_height': 85}, {'text': '46:3857', 'conf': 0, 'text_left': 2231, 'text_top': 36, 'text_width': 198, 'text_height': 85}]"
1,4,53,56,782,40, ऑनलाइन सुधार की सुविधा का लाभ उठाने के लिए करदाताओं,30,Nirmala UI,#525252,,Nirmala UI,28,"{""index"":{""0"":0,""1"":1,""2"":2,""3"":3,""4"":4,""5"":5,""6"":6,""7"":7,""8"":8,""9"":9},""xml_index"":{""0"":4,""1"":5,""2"":6,""3"":7,""4"":8,""5"":9,""6"":10,""7"":11,""8"":12,""9"":13},""text_top"":{""0"":53,""1"":53,""2"":53,""3"":53,""4"":53,""5"":53,""6"":53,""7"":53,""8"":53,""9"":53},""text_left"":{""0"":56,""1"":193,""2"":273,""3"":318,""4"":410,""5"":456,""6"":521,""7"":604,""8"":640,""9"":700},""text_width"":{""0"":129,""1"":71,""2"":37,""3"":84,""4"":37,""5"":57,""6"":74,""7"":28,""8"":52,""9"":138},""text_height"":{""0"":40,""1"":40,""2"":40,""3"":40,""4"":40,""5"":40,""6"":40,""7"":40,""8"":40,""9"":40},""text"":{""0"":""\u0911\u0928\u0932\u093e\u0907\u0928"",""1"":""\u0938\u0941\u0927\u093e\u0930"",""2"":""\u0915\u0940"",""3"":""\u0938\u0941\u093f\u0935\u0927\u093e"",""4"":""\u0915\u093e"",""5"":""\u0932\u093e\u092d"",""6"":""\u0909\u0920\u093e\u0928\u0947"",""7"":""\u0915\u0947"",""8"":""\u093f\u0932\u090f"",""9"":""\u0915\u0930\u0926\u093e\u0924\u093e\u0913\u0902""},""font_size"":{""0"":30,""1"":30,""2"":30,""3"":30,""4"":30,""5"":30,""6"":30,""7"":30,""8"":30,""9"":30},""font_family"":{""0"":""Nirmala UI"",""1"":""Nirmala UI"",""2"":""Nirmala UI"",""3"":""Nirmala UI"",""4"":""Nirmala UI"",""5"":""Nirmala UI"",""6"":""Nirmala UI"",""7"":""Nirmala UI"",""8"":""Nirmala UI"",""9"":""Nirmala UI""},""font_color"":{""0"":""#525252"",""1"":""#525252"",""2"":""#525252"",""3"":""#525252"",""4"":""#525252"",""5"":""#525252"",""6"":""#525252"",""7"":""#525252"",""8"":""#525252"",""9"":""#525252""},""attrib"":{""0"":"""",""1"":"""",""2"":"""",""3"":"""",""4"":"""",""5"":"""",""6"":"""",""7"":"""",""8"":"""",""9"":""""},""font_family_updated"":{""0"":""Nirmala UI"",""1"":""Nirmala UI"",""2"":""Nirmala UI"",""3"":""Nirmala UI"",""4"":""Nirmala UI"",""5"":""Nirmala UI"",""6"":""Nirmala UI"",""7"":""Nirmala UI"",""8"":""Nirmala UI"",""9"":""Nirmala UI""},""font_size_updated"":{""0"":28,""1"":28,""2"":28,""3"":28,""4"":28,""5"":28,""6"":28,""7"":28,""8"":28,""9"":28}}","[{'text': 'ऑनलाइन', 'conf': 95, 'text_left': 161, 'text_top': 161, 'text_width': 356, 'text_height': 104}, {'text': 'सुधार', 'conf': 96, 'text_left': 538, 'text_top': 185, 'text_width': 201, 'text_height': 86}, {'text': 'की', 'conf': 96, 'text_left': 760, 'text_top': 162, 'text_width': 105, 'text_height': 87}, {'text': 'सुविधा', 'conf': 96, 'text_left': 886, 'text_top': 162, 'text_width': 235, 'text_height': 121}, {'text': 'का', 'conf': 96, 'text_left': 1143, 'text_top': 187, 'text_width': 104, 'text_height': 62}, {'text': 'लाभ', 'conf': 95, 'text_left': 1269, 'text_top': 186, 'text_width': 160, 'text_height': 97}, {'text': 'उठाने', 'conf': 96, 'text_left': 1450, 'text_top': 160, 'text_width': 209, 'text_height': 91}, {'text': 'के', 'conf': 96, 'text_left': 1680, 'text_top': 160, 'text_width': 79, 'text_height': 89}, {'text': 'लिए', 'conf': 93, 'text_left': 1780, 'text_top': 162, 'text_width': 145, 'text_height': 102}, {'text': 'करदाताओं', 'conf': 91, 'text_left': 1946, 'text_top': 160, 'text_width': 383, 'text_height': 99}]"
2,14,93,379,126,40, से अनुरोध,30,Nirmala UI,#525252,,Nirmala UI,28,"{""index"":{""0"":0,""1"":1},""xml_index"":{""0"":14,""1"":15},""text_top"":{""0"":93,""1"":93},""text_left"":{""0"":379,""1"":411},""text_width"":{""0"":24,""1"":94},""text_height"":{""0"":40,""1"":40},""text"":{""0"":""\u0938\u0947"",""1"":""\u0905\u0928\u0941\u0930\u094b\u0927""},""font_size"":{""0"":30,""1"":30},""font_family"":{""0"":""Nirmala UI"",""1"":""Nirmala UI""},""font_color"":{""0"":""#525252"",""1"":""#525252""},""attrib"":{""0"":"""",""1"":""""},""font_family_updated"":{""0"":""Nirmala UI"",""1"":""Nirmala UI""},""font_size_updated"":{""0"":28,""1"":28}}","[{'text': 'से', 'conf': 96, 'text_left': 1054, 'text_top': 273, 'text_width': 70, 'text_height': 91}, {'text': 'अनुरोध', 'conf': 96, 'text_left': 1149, 'text_top': 273, 'text_width': 260, 'text_height': 111}]"
3,16,168,108,730,23, आयकर अधिनियम धारा 454 के तहत करदाताओं को रिकॉर्ड में गलतियों को सुधारने का एक विकल्प प्रदान,18,Nirmala UI,#525252,,Nirmala UI,17,"{""index"":{""0"":0,""1"":1,""2"":2,""3"":3,""4"":4,""5"":5,""6"":6,""7"":7,""8"":8,""9"":9,""10"":10,""11"":11,""12"":12,""13"":13,""14"":14,""15"":15,""16"":16},""xml_index"":{""0"":16,""1"":17,""2"":18,""3"":19,""4"":20,""5"":21,""6"":22,""7"":23,""8"":24,""9"":25,""10"":26,""11"":27,""12"":28,""13"":29,""14"":30,""15"":31,""16"":32},""text_top"":{""0"":168,""1"":168,""2"":168,""3"":171,""4"":168,""5"":168,""6"":168,""7"":168,""8"":168,""9"":168,""10"":168,""11"":168,""12"":168,""13"":168,""14"":168,""15"":168,""16"":168},""text_left"":{""0"":108,""1"":168,""2"":243,""3"":273,""4"":314,""5"":334,""6"":373,""7"":453,""8"":479,""9"":531,""10"":548,""11"":609,""12"":635,""13"":689,""14"":714,""15"":745,""16"":800},""text_width"":{""0"":55,""1"":70,""2"":30,""3"":40,""4"":16,""5"":33,""6"":76,""7"":20,""8"":47,""9"":12,""10"":56,""11"":20,""12"":49,""13"":20,""14"":26,""15"":50,""16"":38},""text_height"":{""0"":23,""1"":23,""2"":23,""3"":20,""4"":23,""5"":23,""6"":23,""7"":23,""8"":23,""9"":23,""10"":23,""11"":23,""12"":23,""13"":23,""14"":23,""15"":23,""16"":23},""text"":{""0"":""\u0906\u092f\u0915\u0930"",""1"":""\u0905\u093f\u0927\u093f\u0928\u092f\u092e"",""2"":""\u0927\u093e\u0930\u093e"",""3"":""\u00a0154\u00a0"",""4"":""\u0915\u0947"",""5"":""\u0924\u0939\u0924"",""6"":""\u0915\u0930\u0926\u093e\u0924\u093e\u0913\u0902"",""7"":""\u0915\u094b"",""8"":""\u0249\u0930\u0915\u0949\u0921\ud208"",""9"":""\u092e\u3fb8"",""10"":""\u0917\u0932\u093f\u0924\u092f\u094b\u0902"",""11"":""\u0915\u094b"",""12"":""\u0938\u0941\u0927\u093e\u0930\u0928\u0947"",""13"":""\u0915\u093e"",""14"":""\u090f\u0915"",""15"":""\u093f\u0935\u0915\"""",""16"":""\u44b0\u0926\u093e\u0928""},""font_size"":{""0"":18,""1"":18,""2"":18,""3"":18,""4"":18,""5"":18,""6"":18,""7"":18,""8"":18,""9"":18,""10"":18,""11"":18,""12"":18,""13"":18,""14"":18,""15"":18,""16"":18},""font_family"":{""0"":""Nirmala UI"",""1"":""Nirmala UI"",""2"":""Nirmala UI"",""3"":""Arial"",""4"":""Nirmala UI"",""5"":""Nirmala UI"",""6"":""Nirmala UI"",""7"":""Nirmala UI"",""8"":""Nirmala UI"",""9"":""Nirmala UI"",""10"":""Nirmala UI"",""11"":""Nirmala UI"",""12"":""Nirmala UI"",""13"":""Nirmala UI"",""14"":""Nirmala UI"",""15"":""Nirmala UI"",""16"":""Nirmala UI""},""font_color"":{""0"":""#525252"",""1"":""#525252"",""2"":""#525252"",""3"":""#525252"",""4"":""#525252"",""5"":""#525252"",""6"":""#525252"",""7"":""#525252"",""8"":""#525252"",""9"":""#525252"",""10"":""#525252"",""11"":""#525252"",""12"":""#525252"",""13"":""#525252"",""14"":""#525252"",""15"":""#525252"",""16"":""#525252""},""attrib"":{""0"":"""",""1"":"""",""2"":""SUPERSCRIPT"",""3"":"""",""4"":""SUPERSCRIPT"",""5"":"""",""6"":"""",""7"":"""",""8"":"""",""9"":"""",""10"":"""",""11"":"""",""12"":"""",""13"":"""",""14"":"""",""15"":"""",""16"":""""},""font_family_updated"":{""0"":""Nirmala UI"",""1"":""Nirmala UI"",""2"":""Nirmala UI"",""3"":""Arial"",""4"":""Nirmala UI"",""5"":""Nirmala UI"",""6"":""Nirmala UI"",""7"":""Nirmala UI"",""8"":""Nirmala UI"",""9"":""Nirmala UI"",""10"":""Nirmala UI"",""11"":""Nirmala UI"",""12"":""Nirmala UI"",""13"":""Nirmala UI"",""14"":""Nirmala UI"",""15"":""Nirmala UI"",""16"":""Nirmala UI""},""font_size_updated"":{""0"":17,""1"":17,""2"":17,""3"":17,""4"":17,""5"":17,""6"":17,""7"":17,""8"":17,""9"":17,""10"":17,""11"":17,""12"":17,""13"":17,""14"":17,""15"":17,""16"":17}}","[{'text': 'आयकर', 'conf': 96, 'text_left': 300, 'text_top': 495, 'text_width': 158, 'text_height': 60}, {'text': 'अधिनियम', 'conf': 95, 'text_left': 475, 'text_top': 481, 'text_width': 192, 'text_height': 74}, {'text': 'धारा', 'conf': 96, 'text_left': 684, 'text_top': 495, 'text_width': 80, 'text_height': 37}, {'text': '454', 'conf': 3, 'text_left': 776, 'text_top': 496, 'text_width': 82, 'text_height': 59}, {'text': 'के', 'conf': 96, 'text_left': 875, 'text_top': 480, 'text_width': 49, 'text_height': 75}, {'text': 'तहत', 'conf': 93, 'text_left': 932, 'text_top': 495, 'text_width': 100, 'text_height': 60}, {'text': 'करदाताओं', 'conf': 92, 'text_left': 1038, 'text_top': 480, 'text_width': 212, 'text_height': 75}, {'text': 'को', 'conf': 96, 'text_left': 1263, 'text_top': 480, 'text_width': 58, 'text_height': 52}, {'text': 'रिकॉर्ड', 'conf': 96, 'text_left': 1333, 'text_top': 479, 'text_width': 180, 'text_height': 76}, {'text': 'में', 'conf': 96, 'text_left': 1455, 'text_top': 475, 'text_width': 80, 'text_height': 80}, {'text': 'गलतियों', 'conf': 90, 'text_left': 1526, 'text_top': 480, 'text_width': 156, 'text_height': 75}, {'text': 'को', 'conf': 97, 'text_left': 1695, 'text_top': 480, 'text_width': 58, 'text_height': 52}, {'text': 'सुधारने', 'conf': 96, 'text_left': 1766, 'text_top': 480, 'text_width': 447, 'text_height': 75}, {'text': 'का', 'conf': 96, 'text_left': 1925, 'text_top': 475, 'text_width': 60, 'text_height': 80}, {'text': 'एक', 'conf': 96, 'text_left': 1990, 'text_top': 475, 'text_width': 70, 'text_height': 80}, {'text': 'विकल्प', 'conf': 87, 'text_left': 2060, 'text_top': 480, 'text_width': 140, 'text_height': 75}, {'text': 'प्रदान', 'conf': 96, 'text_left': 2226, 'text_top': 495, 'text_width': 106, 'text_height': 60}]"
4,33,192,54,784,22, करता है। आयकर विभाग का ई-फाइलिंग पोर्टल ऑनलाइन फाइलिंग और सुधार अनुरोधों की ट्रेकिंग करने की,18,Nirmala UI,#525252,,Nirmala UI,17,"{""index"":{""0"":0,""1"":1,""2"":2,""3"":3,""4"":4,""5"":5,""6"":6,""7"":7,""8"":8,""9"":9,""10"":10,""11"":11,""12"":12,""13"":13,""14"":14,""15"":15,""16"":16,""17"":17},""xml_index"":{""0"":33,""1"":34,""2"":35,""3"":36,""4"":37,""5"":38,""6"":39,""7"":40,""8"":41,""9"":42,""10"":43,""11"":44,""12"":45,""13"":46,""14"":47,""15"":48,""16"":49,""17"":50},""text_top"":{""0"":192,""1"":192,""2"":192,""3"":192,""4"":192,""5"":192,""6"":194,""7"":192,""8"":192,""9"":192,""10"":192,""11"":192,""12"":192,""13"":192,""14"":192,""15"":192,""16"":192,""17"":192},""text_left"":{""0"":54,""1"":102,""2"":129,""3"":192,""4"":245,""5"":273,""6"":283,""7"":289,""8"":357,""9"":405,""10"":482,""11"":550,""12"":586,""13"":632,""14"":696,""15"":724,""16"":775,""17"":818},""text_width"":{""0"":40,""1"":19,""2"":55,""3"":44,""4"":20,""5"":10,""6"":6,""7"":60,""8"":39,""9"":69,""10"":60,""11"":28,""12"":38,""13"":56,""14"":20,""15"":42,""16"":35,""17"":20},""text_height"":{""0"":23,""1"":23,""2"":23,""3"":23,""4"":23,""5"":23,""6"":20,""7"":23,""8"":23,""9"":23,""10"":23,""11"":23,""12"":23,""13"":23,""14"":23,""15"":23,""16"":23,""17"":23},""text"":{""0"":""\u0915\u0930\u0924\u093e"",""1"":""\u0939\u0948\u0964"",""2"":""\u0906\u092f\u0915\u0930"",""3"":""\u093f\u0935\u092d\u093e\u0917"",""4"":""\u0915\u093e"",""5"":""\u0908"",""6"":""\u00ad"",""7"":""\u092b\u093e\u0907\u093f\u0932\u0902\u0917"",""8"":""\u092a\u094b\u091f\ud208\u0932"",""9"":""\u0911\u0928\u0932\u093e\u0907\u0928"",""10"":""\u092b\u093e\u0907\u093f\u0932\u0902\u0917"",""11"":""\u0914\u0930"",""12"":""\u0938\u0941\u0927\u093e\u0930"",""13"":""\u0905\u0928\u0941\u0930\u094b\u0927\u094b\u0902"",""14"":""\u0915\u0940"",""15"":""\u091f\u3ee8\u0947\u093f\u0915\u0902\u0917"",""16"":""\u0915\u0930\u0928\u0947"",""17"":""\u0915\u0940""},""font_size"":{""0"":18,""1"":18,""2"":18,""3"":18,""4"":18,""5"":18,""6"":18,""7"":18,""8"":18,""9"":18,""10"":18,""11"":18,""12"":18,""13"":18,""14"":18,""15"":18,""16"":18,""17"":18},""font_family"":{""0"":""Nirmala UI"",""1"":""Nirmala UI"",""2"":""Nirmala UI"",""3"":""Nirmala UI"",""4"":""Nirmala UI"",""5"":""Nirmala UI"",""6"":""Arial"",""7"":""Nirmala UI"",""8"":""Nirmala UI"",""9"":""Nirmala UI"",""10"":""Nirmala UI"",""11"":""Nirmala UI"",""12"":""Nirmala UI"",""13"":""Nirmala UI"",""14"":""Nirmala UI"",""15"":""Nirmala UI"",""16"":""Nirmala UI"",""17"":""Nirmala UI""},""font_color"":{""0"":""#525252"",""1"":""#525252"",""2"":""#525252"",""3"":""#525252"",""4"":""#525252"",""5"":""#525252"",""6"":""#525252"",""7"":""#525252"",""8"":""#525252"",""9"":""#525252"",""10"":""#525252"",""11"":""#525252"",""12"":""#525252"",""13"":""#525252"",""14"":""#525252"",""15"":""#525252"",""16"":""#525252"",""17"":""#525252""},""attrib"":{""0"":"""",""1"":"""",""2"":"""",""3"":"""",""4"":"""",""5"":""SUPERSCRIPT"",""6"":"""",""7"":""SUPERSCRIPT"",""8"":"""",""9"":"""",""10"":"""",""11"":"""",""12"":"""",""13"":"""",""14"":"""",""15"":"""",""16"":"""",""17"":""""},""font_family_updated"":{""0"":""Nirmala UI"",""1"":""Nirmala UI"",""2"":""Nirmala UI"",""3"":""Nirmala UI"",""4"":""Nirmala UI"",""5"":""Nirmala UI"",""6"":""Arial"",""7"":""Nirmala UI"",""8"":""Nirmala UI"",""9"":""Nirmala UI"",""10"":""Nirmala UI"",""11"":""Nirmala UI"",""12"":""Nirmala UI"",""13"":""Nirmala UI"",""14"":""Nirmala UI"",""15"":""Nirmala UI"",""16"":""Nirmala UI"",""17"":""Nirmala UI""},""font_size_updated"":{""0"":17,""1"":17,""2"":17,""3"":17,""4"":17,""5"":17,""6"":17,""7"":17,""8"":17,""9"":17,""10"":17,""11"":17,""12"":17,""13"":17,""14"":17,""15"":17,""16"":17,""17"":17}}","[{'text': 'करता', 'conf': 93, 'text_left': 154, 'text_top': 562, 'text_width': 113, 'text_height': 58}, {'text': 'है।', 'conf': 91, 'text_left': 288, 'text_top': 545, 'text_width': 47, 'text_height': 60}, {'text': 'आयकर', 'conf': 96, 'text_left': 366, 'text_top': 562, 'text_width': 151, 'text_height': 58}, {'text': 'विभाग', 'conf': 96, 'text_left': 538, 'text_top': 548, 'text_width': 124, 'text_height': 51}, {'text': 'का', 'conf': 93, 'text_left': 683, 'text_top': 562, 'text_width': 58, 'text_height': 37}, {'text': 'ई-फाइलिंग', 'conf': 91, 'text_left': 762, 'text_top': 533, 'text_width': 223, 'text_height': 87}, {'text': 'पोर्टल', 'conf': 96, 'text_left': 971, 'text_top': 533, 'text_width': 153, 'text_height': 87}, {'text': 'ऑनलाइन', 'conf': 93, 'text_left': 1134, 'text_top': 533, 'text_width': 191, 'text_height': 87}, {'text': 'फाइलिंग', 'conf': 89, 'text_left': 1332, 'text_top': 533, 'text_width': 178, 'text_height': 87}, {'text': 'और', 'conf': 96, 'text_left': 1535, 'text_top': 545, 'text_width': 76, 'text_height': 75}, {'text': 'सुधार', 'conf': 93, 'text_left': 1632, 'text_top': 562, 'text_width': 107, 'text_height': 50}, {'text': 'अनुरोधों', 'conf': 92, 'text_left': 1764, 'text_top': 533, 'text_width': 152, 'text_height': 87}, {'text': 'की', 'conf': 93, 'text_left': 1937, 'text_top': 548, 'text_width': 58, 'text_height': 51}, {'text': 'ट्रेकिंग', 'conf': 91, 'text_left': 2010, 'text_top': 533, 'text_width': 124, 'text_height': 87}, {'text': 'करने', 'conf': 96, 'text_left': 2155, 'text_top': 547, 'text_width': 104, 'text_height': 73}, {'text': 'की', 'conf': 97, 'text_left': 2276, 'text_top': 548, 'text_width': 59, 'text_height': 51}]"
5,51,215,54,784,23," सुविधा देता है। ऐसे करादाता, जो सेंट्रलाइज्ड प्रोसेसिंग सेंटर, बेंगलुरु द्वारा किए गए उनके इनकम टैक्स रिटर्न की",18,Nirmala UI,#525252,,Nirmala UI,17,"{""index"":{""0"":0,""1"":1,""2"":2,""3"":3,""4"":4,""5"":5,""6"":6,""7"":7,""8"":8,""9"":9,""10"":10,""11"":11,""12"":12,""13"":13,""14"":14,""15"":15,""16"":16,""17"":17,""18"":18,""19"":19},""xml_index"":{""0"":51,""1"":52,""2"":53,""3"":54,""4"":55,""5"":56,""6"":57,""7"":58,""8"":59,""9"":60,""10"":61,""11"":62,""12"":63,""13"":64,""14"":65,""15"":66,""16"":67,""17"":68,""18"":69,""19"":70},""text_top"":{""0"":215,""1"":215,""2"":215,""3"":215,""4"":215,""5"":218,""6"":215,""7"":215,""8"":215,""9"":215,""10"":218,""11"":215,""12"":215,""13"":215,""14"":215,""15"":215,""16"":215,""17"":215,""18"":215,""19"":215},""text_left"":{""0"":54,""1"":105,""2"":139,""3"":164,""4"":194,""5"":254,""6"":266,""7"":291,""8"":368,""9"":432,""10"":464,""11"":476,""12"":530,""13"":567,""14"":605,""15"":633,""16"":680,""17"":736,""18"":776,""19"":818},""text_width"":{""0"":44,""1"":27,""2"":19,""3"":23,""4"":61,""5"":10,""6"":18,""7"":70,""8"":57,""9"":32,""10"":10,""11"":48,""12"":29,""13"":30,""14"":21,""15"":39,""16"":49,""17"":32,""18"":35,""19"":20},""text_height"":{""0"":23,""1"":23,""2"":23,""3"":23,""4"":23,""5"":20,""6"":23,""7"":23,""8"":23,""9"":23,""10"":20,""11"":23,""12"":23,""13"":23,""14"":23,""15"":23,""16"":23,""17"":23,""18"":23,""19"":23},""text"":{""0"":""\u0938\u0941\u093f\u0935\u0927\u093e"",""1"":""\u0926\u0947\u0924\u093e"",""2"":""\u0939\u0948\u0964"",""3"":""\u0910\u0938\u0947"",""4"":""\u0915\u0930\u093e\u0926\u093e\u0924\u093e"",""5"":"",\u00a0"",""6"":""\u091c\u094b"",""7"":""\u0938\u3fb8\u091f\u3ee8\u0932\u093e\u0907\u0249"",""8"":""\u44b0\u094b\u0938\u0947\u093f\u0938\u0902\u0917"",""9"":""\u0938\u3fb8\u091f\u0930"",""10"":"",\u00a0"",""11"":""\u092c\u3fb8\u0917\u0932\u0941\u41d0"",""12"":""\uf028\u093e\u0930\u093e"",""13"":""\u093f\u0915\u090f"",""14"":""\u0917\u090f"",""15"":""\u0909\u0928\u0915\u0947"",""16"":""\u0907\u0928\u0915\u092e"",""17"":""\u091f\u0948\u0249"",""18"":""\u0249\u0930\u091f\u0928\ud208"",""19"":""\u0915\u0940""},""font_size"":{""0"":18,""1"":18,""2"":18,""3"":18,""4"":18,""5"":18,""6"":18,""7"":18,""8"":18,""9"":18,""10"":18,""11"":18,""12"":18,""13"":18,""14"":18,""15"":18,""16"":18,""17"":18,""18"":18,""19"":18},""font_family"":{""0"":""Nirmala UI"",""1"":""Nirmala UI"",""2"":""Nirmala UI"",""3"":""Nirmala UI"",""4"":""Nirmala UI"",""5"":""Arial"",""6"":""Nirmala UI"",""7"":""Nirmala UI"",""8"":""Nirmala UI"",""9"":""Nirmala UI"",""10"":""Arial"",""11"":""Nirmala UI"",""12"":""Nirmala UI"",""13"":""Nirmala UI"",""14"":""Nirmala UI"",""15"":""Nirmala UI"",""16"":""Nirmala UI"",""17"":""Nirmala UI"",""18"":""Nirmala UI"",""19"":""Nirmala UI""},""font_color"":{""0"":""#525252"",""1"":""#525252"",""2"":""#525252"",""3"":""#525252"",""4"":""#525252"",""5"":""#525252"",""6"":""#525252"",""7"":""#525252"",""8"":""#525252"",""9"":""#525252"",""10"":""#525252"",""11"":""#525252"",""12"":""#525252"",""13"":""#525252"",""14"":""#525252"",""15"":""#525252"",""16"":""#525252"",""17"":""#525252"",""18"":""#525252"",""19"":""#525252""},""attrib"":{""0"":"""",""1"":"""",""2"":"""",""3"":"""",""4"":""SUPERSCRIPT"",""5"":"""",""6"":""SUPERSCRIPT"",""7"":"""",""8"":"""",""9"":""SUPERSCRIPT"",""10"":"""",""11"":""SUPERSCRIPT"",""12"":"""",""13"":"""",""14"":"""",""15"":"""",""16"":"""",""17"":"""",""18"":"""",""19"":""""},""font_family_updated"":{""0"":""Nirmala UI"",""1"":""Nirmala UI"",""2"":""Nirmala UI"",""3"":""Nirmala UI"",""4"":""Nirmala UI"",""5"":""Arial"",""6"":""Nirmala UI"",""7"":""Nirmala UI"",""8"":""Nirmala UI"",""9"":""Nirmala UI"",""10"":""Arial"",""11"":""Nirmala UI"",""12"":""Nirmala UI"",""13"":""Nirmala UI"",""14"":""Nirmala UI"",""15"":""Nirmala UI"",""16"":""Nirmala UI"",""17"":""Nirmala UI"",""18"":""Nirmala UI"",""19"":""Nirmala UI""},""font_size_updated"":{""0"":17,""1"":17,""2"":17,""3"":17,""4"":17,""5"":17,""6"":17,""7"":17,""8"":17,""9"":17,""10"":17,""11"":17,""12"":17,""13"":17,""14"":17,""15"":17,""16"":17,""17"":17,""18"":17,""19"":17}}","[{'text': 'सुविधा', 'conf': 96, 'text_left': 154, 'text_top': 597, 'text_width': 125, 'text_height': 89}, {'text': 'देता', 'conf': 93, 'text_left': 295, 'text_top': 597, 'text_width': 77, 'text_height': 89}, {'text': 'है।', 'conf': 93, 'text_left': 389, 'text_top': 597, 'text_width': 55, 'text_height': 89}, {'text': 'ऐसे', 'conf': 93, 'text_left': 459, 'text_top': 597, 'text_width': 66, 'text_height': 75}, {'text': 'करादाता,', 'conf': 92, 'text_left': 541, 'text_top': 597, 'text_width': 180, 'text_height': 89}, {'text': 'जो', 'conf': 93, 'text_left': 741, 'text_top': 613, 'text_width': 53, 'text_height': 52}, {'text': 'सेंट्रलाइज्ड', 'conf': 91, 'text_left': 811, 'text_top': 597, 'text_width': 196, 'text_height': 80}, {'text': 'प्रोसेसिंग', 'conf': 91, 'text_left': 1019, 'text_top': 597, 'text_width': 167, 'text_height': 68}, {'text': 'सेंटर,', 'conf': 94, 'text_left': 1204, 'text_top': 597, 'text_width': 101, 'text_height': 75}, {'text': 'बेंगलुरु', 'conf': 96, 'text_left': 1312, 'text_top': 597, 'text_width': 149, 'text_height': 81}, {'text': 'द्वारा', 'conf': 96, 'text_left': 1469, 'text_top': 597, 'text_width': 100, 'text_height': 73}, {'text': 'किए', 'conf': 96, 'text_left': 1578, 'text_top': 597, 'text_width': 92, 'text_height': 75}, {'text': 'गए', 'conf': 96, 'text_left': 1683, 'text_top': 597, 'text_width': 61, 'text_height': 75}, {'text': 'उनके', 'conf': 96, 'text_left': 1763, 'text_top': 597, 'text_width': 111, 'text_height': 89}, {'text': 'इनकम', 'conf': 92, 'text_left': 1892, 'text_top': 597, 'text_width': 122, 'text_height': 89}, {'text': 'टैक्स', 'conf': 79, 'text_left': 2025, 'text_top': 597, 'text_width': 111, 'text_height': 89}, {'text': 'रिटर्न', 'conf': 96, 'text_left': 2158, 'text_top': 597, 'text_width': 101, 'text_height': 89}, {'text': 'की', 'conf': 96, 'text_left': 2275, 'text_top': 597, 'text_width': 59, 'text_height': 68}]"
6,71,239,54,784,22," प्रोसेसिंग से संतुष्ट ze €, FE https://incometaxindiaefiling.gov.in. UX SUT SACS islet Se Eur",18,Arial,#0000ff,,Arial,17,"{""index"":{""0"":0,""1"":1,""2"":2,""3"":3,""4"":4,""5"":5,""6"":6,""7"":7,""8"":8,""9"":9,""10"":10,""11"":11,""12"":12,""13"":13,""14"":14},""xml_index"":{""0"":71,""1"":72,""2"":73,""3"":74,""4"":75,""5"":76,""6"":77,""7"":78,""8"":79,""9"":80,""10"":81,""11"":82,""12"":83,""13"":84,""14"":85},""text_top"":{""0"":239,""1"":239,""2"":239,""3"":239,""4"":239,""5"":241,""6"":239,""7"":241,""8"":241,""9"":239,""10"":239,""11"":239,""12"":239,""13"":239,""14"":239},""text_left"":{""0"":54,""1"":117,""2"":135,""3"":176,""4"":208,""5"":219,""6"":229,""7"":255,""8"":528,""9"":539,""10"":565,""11"":624,""12"":700,""13"":765,""14"":800},""text_width"":{""0"":57,""1"":13,""2"":35,""3"":28,""4"":11,""5"":10,""6"":21,""7"":273,""8"":10,""9"":20,""10"":36,""11"":69,""12"":60,""13"":28,""14"":38},""text_height"":{""0"":23,""1"":23,""2"":23,""3"":23,""4"":23,""5"":20,""6"":23,""7"":20,""8"":20,""9"":23,""10"":23,""11"":23,""12"":23,""13"":23,""14"":23},""text"":{""0"":""\u44b0\u094b\u0938\u0947\u093f\u0938\u0902\u0917"",""1"":""\u0938\u0947"",""2"":""\u0938\u0902\u0924\u0941"",""3"":""\u0928\u0939\u0940\u0902"",""4"":""\u0939\u0249"",""5"":"",\u00a0"",""6"":""\u0935\u0939"",""7"":""https:\/\/incometaxindiaefiling.gov.in"",""8"":"".\u00a0"",""9"":""\u092a\u0930"",""10"":""\u0909\u092a\u0932"",""11"":""\u0911\u0928\u0932\u093e\u0907\u0928"",""12"":""\u092b\u093e\u0907\u093f\u0932\u0902\u0917"",""13"":""\u0914\u0930"",""14"":""\u0938\u0941\u0927\u093e\u0930""},""font_size"":{""0"":18,""1"":18,""2"":18,""3"":18,""4"":18,""5"":18,""6"":18,""7"":18,""8"":18,""9"":18,""10"":18,""11"":18,""12"":18,""13"":18,""14"":18},""font_family"":{""0"":""Nirmala UI"",""1"":""Nirmala UI"",""2"":""Nirmala UI"",""3"":""Nirmala UI"",""4"":""Nirmala UI"",""5"":""Arial"",""6"":""Nirmala UI"",""7"":""Arial"",""8"":""Arial"",""9"":""Nirmala UI"",""10"":""Nirmala UI"",""11"":""Nirmala UI"",""12"":""Nirmala UI"",""13"":""Nirmala UI"",""14"":""Nirmala UI""},""font_color"":{""0"":""#525252"",""1"":""#525252"",""2"":""#525252"",""3"":""#525252"",""4"":""#525252"",""5"":""#525252"",""6"":""#525252"",""7"":""#0000ff"",""8"":""#525252"",""9"":""#525252"",""10"":""#525252"",""11"":""#525252"",""12"":""#525252"",""13"":""#525252"",""14"":""#525252""},""attrib"":{""0"":"""",""1"":"""",""2"":"""",""3"":"""",""4"":""SUPERSCRIPT"",""5"":"""",""6"":""SUPERSCRIPT"",""7"":"""",""8"":"""",""9"":""SUPERSCRIPT"",""10"":"""",""11"":"""",""12"":"""",""13"":"""",""14"":""""},""font_family_updated"":{""0"":""Nirmala UI"",""1"":""Nirmala UI"",""2"":""Nirmala UI"",""3"":""Nirmala UI"",""4"":""Nirmala UI"",""5"":""Arial"",""6"":""Nirmala UI"",""7"":""Arial"",""8"":""Arial"",""9"":""Nirmala UI"",""10"":""Nirmala UI"",""11"":""Nirmala UI"",""12"":""Nirmala UI"",""13"":""Nirmala UI"",""14"":""Nirmala UI""},""font_size_updated"":{""0"":17,""1"":17,""2"":17,""3"":17,""4"":17,""5"":17,""6"":17,""7"":17,""8"":17,""9"":17,""10"":17,""11"":17,""12"":17,""13"":17,""14"":17}}","[{'text': 'प्रोसेसिंग', 'conf': 57, 'text_left': 154, 'text_top': 664, 'text_width': 216, 'text_height': 86}, {'text': 'से', 'conf': 97, 'text_left': 316, 'text_top': 664, 'text_width': 49, 'text_height': 86}, {'text': 'संतुष्ट', 'conf': 92, 'text_left': 380, 'text_top': 664, 'text_width': 191, 'text_height': 86}, {'text': 'ze', 'conf': 7, 'text_left': 494, 'text_top': 664, 'text_width': 44, 'text_height': 86}, {'text': '€,', 'conf': 6, 'text_left': 581, 'text_top': 664, 'text_width': 41, 'text_height': 73}, {'text': 'FE', 'conf': 55, 'text_left': 633, 'text_top': 664, 'text_width': 74, 'text_height': 86}, {'text': 'https://incometaxindiaefiling.gov.in.', 'conf': 53, 'text_left': 713, 'text_top': 664, 'text_width': 759, 'text_height': 86}, {'text': 'UX', 'conf': 58, 'text_left': 1475, 'text_top': 664, 'text_width': 82, 'text_height': 66}, {'text': 'SUT', 'conf': 24, 'text_left': 1573, 'text_top': 664, 'text_width': 150, 'text_height': 67}, {'text': 'SACS', 'conf': 0, 'text_left': 1736, 'text_top': 664, 'text_width': 195, 'text_height': 73}, {'text': 'islet', 'conf': 38, 'text_left': 1943, 'text_top': 664, 'text_width': 172, 'text_height': 73}, {'text': 'Se', 'conf': 42, 'text_left': 2130, 'text_top': 664, 'text_width': 80, 'text_height': 66}, {'text': 'Eur', 'conf': 9, 'text_left': 2225, 'text_top': 664, 'text_width': 107, 'text_height': 79}]"
7,86,262,54,366,23, अनुरोधों की ट्रैकिंग की सुविधा का लाभ उठा सकते हैं।,18,Nirmala UI,#525252,,Nirmala UI,17,"{""index"":{""0"":0,""1"":1,""2"":2,""3"":3,""4"":4,""5"":5,""6"":6,""7"":7,""8"":8,""9"":9},""xml_index"":{""0"":86,""1"":87,""2"":88,""3"":89,""4"":90,""5"":91,""6"":92,""7"":93,""8"":94,""9"":95},""text_top"":{""0"":262,""1"":262,""2"":262,""3"":262,""4"":262,""5"":262,""6"":262,""7"":262,""8"":262,""9"":262},""text_left"":{""0"":54,""1"":114,""2"":140,""3"":187,""4"":212,""5"":261,""6"":286,""7"":322,""8"":356,""9"":401},""text_width"":{""0"":56,""1"":20,""2"":42,""3"":20,""4"":44,""5"":20,""6"":30,""7"":30,""8"":40,""9"":19},""text_height"":{""0"":23,""1"":23,""2"":23,""3"":23,""4"":23,""5"":23,""6"":23,""7"":23,""8"":23,""9"":23},""text"":{""0"":""\u0905\u0928\u0941\u0930\u094b\u0927\u094b\u0902"",""1"":""\u0915\u0940"",""2"":""\u091f\u3ee8\u0948\u093f\u0915\u0902\u0917"",""3"":""\u0915\u0940"",""4"":""\u0938\u0941\u093f\u0935\u0927\u093e"",""5"":""\u0915\u093e"",""6"":""\u0932\u093e\u092d"",""7"":""\u0909\u0920\u093e"",""8"":""\u0938\u0915\u0924\u0947"",""9"":""\u0939\u0249\u0964""},""font_size"":{""0"":18,""1"":18,""2"":18,""3"":18,""4"":18,""5"":18,""6"":18,""7"":18,""8"":18,""9"":18},""font_family"":{""0"":""Nirmala UI"",""1"":""Nirmala UI"",""2"":""Nirmala UI"",""3"":""Nirmala UI"",""4"":""Nirmala UI"",""5"":""Nirmala UI"",""6"":""Nirmala UI"",""7"":""Nirmala UI"",""8"":""Nirmala UI"",""9"":""Nirmala UI""},""font_color"":{""0"":""#525252"",""1"":""#525252"",""2"":""#525252"",""3"":""#525252"",""4"":""#525252"",""5"":""#525252"",""6"":""#525252"",""7"":""#525252"",""8"":""#525252"",""9"":""#525252""},""attrib"":{""0"":"""",""1"":"""",""2"":"""",""3"":"""",""4"":"""",""5"":"""",""6"":"""",""7"":"""",""8"":"""",""9"":""""},""font_family_updated"":{""0"":""Nirmala UI"",""1"":""Nirmala UI"",""2"":""Nirmala UI"",""3"":""Nirmala UI"",""4"":""Nirmala UI"",""5"":""Nirmala UI"",""6"":""Nirmala UI"",""7"":""Nirmala UI"",""8"":""Nirmala UI"",""9"":""Nirmala UI""},""font_size_updated"":{""0"":17,""1"":17,""2"":17,""3"":17,""4"":17,""5"":17,""6"":17,""7"":17,""8"":17,""9"":17}}","[{'text': 'अनुरोधों', 'conf': 90, 'text_left': 158, 'text_top': 727, 'text_width': 152, 'text_height': 81}, {'text': 'की', 'conf': 97, 'text_left': 321, 'text_top': 727, 'text_width': 58, 'text_height': 68}, {'text': 'ट्रैकिंग', 'conf': 96, 'text_left': 391, 'text_top': 727, 'text_width': 119, 'text_height': 80}, {'text': 'की', 'conf': 96, 'text_left': 515, 'text_top': 727, 'text_width': 65, 'text_height': 68}, {'text': 'सुविधा', 'conf': 96, 'text_left': 589, 'text_top': 727, 'text_width': 132, 'text_height': 89}, {'text': 'का', 'conf': 96, 'text_left': 729, 'text_top': 727, 'text_width': 61, 'text_height': 68}, {'text': 'लाभ', 'conf': 96, 'text_left': 799, 'text_top': 727, 'text_width': 87, 'text_height': 69}, {'text': 'उठा', 'conf': 96, 'text_left': 894, 'text_top': 727, 'text_width': 88, 'text_height': 69}, {'text': 'सकते', 'conf': 93, 'text_left': 989, 'text_top': 727, 'text_width': 121, 'text_height': 68}, {'text': 'हैं।', 'conf': 92, 'text_left': 1117, 'text_top': 727, 'text_width': 49, 'text_height': 74}]"
8,96,306,108,730,23, कर भुगतान या टीडीएस की डाटा एंट्री में गलती wt Rafa AH Halal “Rectification Request Type-,18,Arial,#525252,,Arial,17,"{""index"":{""0"":0,""1"":1,""2"":2,""3"":3,""4"":4,""5"":5,""6"":6,""7"":7,""8"":8,""9"":9,""10"":10,""11"":11,""12"":12,""13"":13},""xml_index"":{""0"":96,""1"":97,""2"":98,""3"":99,""4"":100,""5"":101,""6"":102,""7"":103,""8"":104,""9"":105,""10"":106,""11"":107,""12"":108,""13"":109},""text_top"":{""0"":306,""1"":306,""2"":306,""3"":306,""4"":306,""5"":306,""6"":306,""7"":306,""8"":306,""9"":306,""10"":306,""11"":306,""12"":306,""13"":309},""text_left"":{""0"":108,""1"":140,""2"":197,""3"":221,""4"":284,""5"":311,""6"":351,""7"":384,""8"":403,""9"":450,""10"":478,""11"":524,""12"":544,""13"":600},""text_width"":{""0"":24,""1"":51,""2"":16,""3"":56,""4"":20,""5"":33,""6"":26,""7"":12,""8"":40,""9"":20,""10"":39,""11"":12,""12"":56,""13"":238},""text_height"":{""0"":23,""1"":23,""2"":23,""3"":23,""4"":23,""5"":23,""6"":23,""7"":23,""8"":23,""9"":23,""10"":23,""11"":23,""12"":23,""13"":20},""text"":{""0"":""\u0915\u0930"",""1"":""\u092d\u0941\u0917\u0924\u093e\u0928"",""2"":""\u092f\u093e"",""3"":""\u091f\u0940\u0921\u0940\u090f\u0938"",""4"":""\u0915\u0940"",""5"":""\u0921\u093e\u091f\u093e"",""6"":""\u090f\u0902\u091f\u3ee8\u0940"",""7"":""\u092e\u3fb8"",""8"":""\u0917\u0932\u0924\u0940"",""9"":""\u0915\u0940"",""10"":""\u4e18 \u0925\u093f\u0924"",""11"":""\u092e\u3fb8"",""12"":""\u0915\u0930\u0926\u093e\u0924\u093e"",""13"":""\u00a0 \u201cRectification\u00a0 Request\u00a0 Type\u00ad""},""font_size"":{""0"":18,""1"":18,""2"":18,""3"":18,""4"":18,""5"":18,""6"":18,""7"":18,""8"":18,""9"":18,""10"":18,""11"":18,""12"":18,""13"":18},""font_family"":{""0"":""Nirmala UI"",""1"":""Nirmala UI"",""2"":""Nirmala UI"",""3"":""Nirmala UI"",""4"":""Nirmala UI"",""5"":""Nirmala UI"",""6"":""Nirmala UI"",""7"":""Nirmala UI"",""8"":""Nirmala UI"",""9"":""Nirmala UI"",""10"":""Nirmala UI"",""11"":""Nirmala UI"",""12"":""Nirmala UI"",""13"":""Arial""},""font_color"":{""0"":""#525252"",""1"":""#525252"",""2"":""#525252"",""3"":""#525252"",""4"":""#525252"",""5"":""#525252"",""6"":""#525252"",""7"":""#525252"",""8"":""#525252"",""9"":""#525252"",""10"":""#525252"",""11"":""#525252"",""12"":""#525252"",""13"":""#525252""},""attrib"":{""0"":"""",""1"":"""",""2"":"""",""3"":"""",""4"":"""",""5"":"""",""6"":"""",""7"":"""",""8"":"""",""9"":"""",""10"":"""",""11"":"""",""12"":""SUPERSCRIPT"",""13"":""""},""font_family_updated"":{""0"":""Nirmala UI"",""1"":""Nirmala UI"",""2"":""Nirmala UI"",""3"":""Nirmala UI"",""4"":""Nirmala UI"",""5"":""Nirmala UI"",""6"":""Nirmala UI"",""7"":""Nirmala UI"",""8"":""Nirmala UI"",""9"":""Nirmala UI"",""10"":""Nirmala UI"",""11"":""Nirmala UI"",""12"":""Nirmala UI"",""13"":""Arial""},""font_size_updated"":{""0"":17,""1"":17,""2"":17,""3"":17,""4"":17,""5"":17,""6"":17,""7"":17,""8"":17,""9"":17,""10"":17,""11"":17,""12"":17,""13"":17}}","[{'text': 'कर', 'conf': 96, 'text_left': 304, 'text_top': 881, 'text_width': 69, 'text_height': 37}, {'text': 'भुगतान', 'conf': 96, 'text_left': 394, 'text_top': 881, 'text_width': 140, 'text_height': 50}, {'text': 'या', 'conf': 92, 'text_left': 552, 'text_top': 881, 'text_width': 46, 'text_height': 37}, {'text': 'टीडीएस', 'conf': 90, 'text_left': 616, 'text_top': 867, 'text_width': 158, 'text_height': 58}, {'text': 'की', 'conf': 95, 'text_left': 792, 'text_top': 867, 'text_width': 58, 'text_height': 51}, {'text': 'डाटा', 'conf': 95, 'text_left': 868, 'text_top': 881, 'text_width': 93, 'text_height': 38}, {'text': 'एंट्री', 'conf': 92, 'text_left': 979, 'text_top': 867, 'text_width': 73, 'text_height': 63}, {'text': 'में', 'conf': 96, 'text_left': 1070, 'text_top': 866, 'text_width': 36, 'text_height': 52}, {'text': 'गलती', 'conf': 96, 'text_left': 1124, 'text_top': 867, 'text_width': 112, 'text_height': 51}, {'text': 'wt', 'conf': 52, 'text_left': 1254, 'text_top': 867, 'text_width': 58, 'text_height': 51}, {'text': 'Rafa', 'conf': 52, 'text_left': 1330, 'text_top': 867, 'text_width': 112, 'text_height': 51}, {'text': 'AH', 'conf': 40, 'text_left': 1460, 'text_top': 866, 'text_width': 36, 'text_height': 52}, {'text': 'Halal', 'conf': 42, 'text_left': 1512, 'text_top': 881, 'text_width': 159, 'text_height': 58}, {'text': '“Rectification', 'conf': 95, 'text_left': 1686, 'text_top': 882, 'text_width': 289, 'text_height': 57}, {'text': 'Request', 'conf': 92, 'text_left': 2003, 'text_top': 882, 'text_width': 181, 'text_height': 57}, {'text': 'Type-', 'conf': 92, 'text_left': 2192, 'text_top': 862, 'text_width': 136, 'text_height': 77}]"
9,110,330,54,783,23, >Taxpayer is correcting data for Tax Credit mismatch only” Gdde करें और सुधार अनुरोध करते समय,18,Arial,#525252,,Arial,17,"{""index"":{""0"":0,""1"":1,""2"":2,""3"":3,""4"":4,""5"":5,""6"":6,""7"":7},""xml_index"":{""0"":110,""1"":111,""2"":112,""3"":113,""4"":114,""5"":115,""6"":116,""7"":117},""text_top"":{""0"":333,""1"":330,""2"":330,""3"":330,""4"":330,""5"":330,""6"":330,""7"":330},""text_left"":{""0"":54,""1"":539,""2"":591,""3"":622,""4"":657,""5"":702,""6"":759,""7"":801},""text_width"":{""0"":483,""1"":46,""2"":24,""3"":28,""4"":38,""5"":51,""6"":35,""7"":36},""text_height"":{""0"":20,""1"":23,""2"":23,""3"":23,""4"":23,""5"":23,""6"":23,""7"":23},""text"":{""0"":"">Taxpayer\u00a0is\u00a0correcting\u00a0data\u00a0for\u00a0Tax\u00a0Credit\u00a0mismatch\u00a0only\u201d\u00a0"",""1"":""\u0938\u0947\u0932\u0947\u0249"",""2"":""\u0915\u0930\u3fb8"",""3"":""\u0914\u0930"",""4"":""\u0938\u0941\u0927\u093e\u0930"",""5"":""\u0905\u0928\u0941\u0930\u094b\u0927"",""6"":""\u0915\u0930\u0924\u0947"",""7"":""\u0938\u092e\u092f""},""font_size"":{""0"":18,""1"":18,""2"":18,""3"":18,""4"":18,""5"":18,""6"":18,""7"":18},""font_family"":{""0"":""Arial"",""1"":""Nirmala UI"",""2"":""Nirmala UI"",""3"":""Nirmala UI"",""4"":""Nirmala UI"",""5"":""Nirmala UI"",""6"":""Nirmala UI"",""7"":""Nirmala UI""},""font_color"":{""0"":""#525252"",""1"":""#525252"",""2"":""#525252"",""3"":""#525252"",""4"":""#525252"",""5"":""#525252"",""6"":""#525252"",""7"":""#525252""},""attrib"":{""0"":"""",""1"":""SUPERSCRIPT"",""2"":"""",""3"":"""",""4"":"""",""5"":"""",""6"":"""",""7"":""""},""font_family_updated"":{""0"":""Arial"",""1"":""Nirmala UI"",""2"":""Nirmala UI"",""3"":""Nirmala UI"",""4"":""Nirmala UI"",""5"":""Nirmala UI"",""6"":""Nirmala UI"",""7"":""Nirmala UI""},""font_size_updated"":{""0"":17,""1"":17,""2"":17,""3"":17,""4"":17,""5"":17,""6"":17,""7"":17}}","[{'text': '>Taxpayer', 'conf': 92, 'text_left': 158, 'text_top': 916, 'text_width': 229, 'text_height': 89}, {'text': 'is', 'conf': 96, 'text_left': 402, 'text_top': 916, 'text_width': 38, 'text_height': 89}, {'text': 'correcting', 'conf': 96, 'text_left': 451, 'text_top': 916, 'text_width': 235, 'text_height': 89}, {'text': 'data', 'conf': 96, 'text_left': 700, 'text_top': 916, 'text_width': 94, 'text_height': 89}, {'text': 'for', 'conf': 96, 'text_left': 812, 'text_top': 916, 'text_width': 62, 'text_height': 68}, {'text': 'Tax', 'conf': 96, 'text_left': 870, 'text_top': 916, 'text_width': 110, 'text_height': 89}, {'text': 'Credit', 'conf': 95, 'text_left': 991, 'text_top': 916, 'text_width': 131, 'text_height': 89}, {'text': 'mismatch', 'conf': 96, 'text_left': 1144, 'text_top': 916, 'text_width': 208, 'text_height': 89}, {'text': 'only”', 'conf': 92, 'text_left': 1376, 'text_top': 916, 'text_width': 114, 'text_height': 78}, {'text': 'Gdde', 'conf': 2, 'text_left': 1500, 'text_top': 916, 'text_width': 129, 'text_height': 67}, {'text': 'करें', 'conf': 96, 'text_left': 1646, 'text_top': 916, 'text_width': 69, 'text_height': 67}, {'text': 'और', 'conf': 96, 'text_left': 1736, 'text_top': 929, 'text_width': 76, 'text_height': 54}, {'text': 'सुधार', 'conf': 95, 'text_left': 1824, 'text_top': 916, 'text_width': 118, 'text_height': 80}, {'text': 'अनुरोध', 'conf': 96, 'text_left': 1954, 'text_top': 916, 'text_width': 153, 'text_height': 89}, {'text': 'करते', 'conf': 96, 'text_left': 2112, 'text_top': 916, 'text_width': 111, 'text_height': 67}, {'text': 'समय', 'conf': 96, 'text_left': 2229, 'text_top': 916, 'text_width': 103, 'text_height': 67}]"
10,118,354,54,422,22, संबंधित मूल्यांकन वर्ष के लिए प्री-फाइलिंग के विकल्प को चुनें।,18,Nirmala UI,#525252,,Nirmala UI,17,"{""index"":{""0"":0,""1"":1,""2"":2,""3"":3,""4"":4,""5"":5,""6"":6,""7"":7,""8"":8,""9"":9,""10"":10,""11"":11},""xml_index"":{""0"":118,""1"":119,""2"":120,""3"":121,""4"":122,""5"":123,""6"":124,""7"":125,""8"":126,""9"":127,""10"":128,""11"":129},""text_top"":{""0"":354,""1"":354,""2"":354,""3"":354,""4"":354,""5"":354,""6"":356,""7"":354,""8"":354,""9"":354,""10"":354,""11"":354},""text_left"":{""0"":54,""1"":110,""2"":178,""3"":205,""4"":225,""5"":258,""6"":274,""7"":280,""8"":344,""9"":365,""10"":420,""11"":445},""text_width"":{""0"":51,""1"":63,""2"":22,""3"":16,""4"":28,""5"":16,""6"":6,""7"":60,""8"":16,""9"":50,""10"":20,""11"":31},""text_height"":{""0"":23,""1"":23,""2"":23,""3"":23,""4"":23,""5"":23,""6"":20,""7"":23,""8"":23,""9"":23,""10"":23,""11"":23},""text"":{""0"":""\u0938\u0902\u092c\u0902\u093f\u0927\u0924"",""1"":""\u092e\u0942\u5418\u093e\u0902\u0915\u0928"",""2"":""\u0935\u0937\ud208"",""3"":""\u0915\u0947"",""4"":""\u093f\u0932\u090f"",""5"":""\u44b0\u0940"",""6"":""\u00ad"",""7"":""\u092b\u093e\u0907\u093f\u0932\u0902\u0917"",""8"":""\u0915\u0947"",""9"":""\u093f\u0935\u0915\"""",""10"":""\u0915\u094b"",""11"":""\u091a\u0941\u0928\u3fb8\u0964""},""font_size"":{""0"":18,""1"":18,""2"":18,""3"":18,""4"":18,""5"":18,""6"":18,""7"":18,""8"":18,""9"":18,""10"":18,""11"":18},""font_family"":{""0"":""Nirmala UI"",""1"":""Nirmala UI"",""2"":""Nirmala UI"",""3"":""Nirmala UI"",""4"":""Nirmala UI"",""5"":""Nirmala UI"",""6"":""Arial"",""7"":""Nirmala UI"",""8"":""Nirmala UI"",""9"":""Nirmala UI"",""10"":""Nirmala UI"",""11"":""Nirmala UI""},""font_color"":{""0"":""#525252"",""1"":""#525252"",""2"":""#525252"",""3"":""#525252"",""4"":""#525252"",""5"":""#525252"",""6"":""#525252"",""7"":""#525252"",""8"":""#525252"",""9"":""#525252"",""10"":""#525252"",""11"":""#525252""},""attrib"":{""0"":"""",""1"":"""",""2"":"""",""3"":"""",""4"":"""",""5"":""SUPERSCRIPT"",""6"":"""",""7"":""SUPERSCRIPT"",""8"":"""",""9"":"""",""10"":"""",""11"":""""},""font_family_updated"":{""0"":""Nirmala UI"",""1"":""Nirmala UI"",""2"":""Nirmala UI"",""3"":""Nirmala UI"",""4"":""Nirmala UI"",""5"":""Nirmala UI"",""6"":""Arial"",""7"":""Nirmala UI"",""8"":""Nirmala UI"",""9"":""Nirmala UI"",""10"":""Nirmala UI"",""11"":""Nirmala UI""},""font_size_updated"":{""0"":17,""1"":17,""2"":17,""3"":17,""4"":17,""5"":17,""6"":17,""7"":17,""8"":17,""9"":17,""10"":17,""11"":17}}","[{'text': 'संबंधित', 'conf': 96, 'text_left': 154, 'text_top': 983, 'text_width': 147, 'text_height': 65}, {'text': 'मूल्यांकन', 'conf': 91, 'text_left': 310, 'text_top': 983, 'text_width': 176, 'text_height': 78}, {'text': 'वर्ष', 'conf': 96, 'text_left': 498, 'text_top': 983, 'text_width': 65, 'text_height': 65}, {'text': 'के', 'conf': 96, 'text_left': 572, 'text_top': 983, 'text_width': 45, 'text_height': 65}, {'text': 'लिए', 'conf': 92, 'text_left': 629, 'text_top': 983, 'text_width': 84, 'text_height': 72}, {'text': 'प्री-फाइलिंग', 'conf': 92, 'text_left': 720, 'text_top': 983, 'text_width': 228, 'text_height': 72}, {'text': 'के', 'conf': 97, 'text_left': 960, 'text_top': 983, 'text_width': 50, 'text_height': 65}, {'text': 'विकल्प', 'conf': 85, 'text_left': 1017, 'text_top': 983, 'text_width': 140, 'text_height': 65}, {'text': 'को', 'conf': 93, 'text_left': 1169, 'text_top': 983, 'text_width': 58, 'text_height': 65}, {'text': 'चुनें।', 'conf': 92, 'text_left': 1239, 'text_top': 983, 'text_width': 81, 'text_height': 78}]"
11,130,398,108,730,22, किसी अन्य डाटा में गलती की स्थिति में करदाता “808४6 is correcting Data in Rectification” &,18,Arial,#525252,,Arial,17,"{""index"":{""0"":0,""1"":1,""2"":2,""3"":3,""4"":4,""5"":5,""6"":6,""7"":7,""8"":8,""9"":9,""10"":10},""xml_index"":{""0"":130,""1"":131,""2"":132,""3"":133,""4"":134,""5"":135,""6"":136,""7"":137,""8"":138,""9"":139,""10"":140},""text_top"":{""0"":398,""1"":398,""2"":398,""3"":398,""4"":398,""5"":398,""6"":398,""7"":398,""8"":398,""9"":400,""10"":398},""text_left"":{""0"":108,""1"":153,""2"":191,""3"":231,""4"":250,""5"":297,""6"":324,""7"":371,""8"":390,""9"":446,""10"":822},""text_width"":{""0"":38,""1"":31,""2"":33,""3"":12,""4"":40,""5"":20,""6"":39,""7"":12,""8"":56,""9"":375,""10"":16},""text_height"":{""0"":23,""1"":23,""2"":23,""3"":23,""4"":23,""5"":23,""6"":23,""7"":23,""8"":23,""9"":20,""10"":23},""text"":{""0"":""\u093f\u0915\u0938\u0940"",""1"":""\u0905\u50c8"",""2"":""\u0921\u093e\u091f\u093e"",""3"":""\u092e\u3fb8"",""4"":""\u0917\u0932\u0924\u0940"",""5"":""\u0915\u0940"",""6"":""\u4e18 \u0925\u093f\u0924"",""7"":""\u092e\u3fb8"",""8"":""\u0915\u0930\u0926\u093e\u0924\u093e"",""9"":""\u00a0\u201cTaxpayer\u00a0 is\u00a0 correcting\u00a0 Data\u00a0 in\u00a0 Rectification\u201d\u00a0"",""10"":""\u0915\u0947""},""font_size"":{""0"":18,""1"":18,""2"":18,""3"":18,""4"":18,""5"":18,""6"":18,""7"":18,""8"":18,""9"":18,""10"":18},""font_family"":{""0"":""Nirmala UI"",""1"":""Nirmala UI"",""2"":""Nirmala UI"",""3"":""Nirmala UI"",""4"":""Nirmala UI"",""5"":""Nirmala UI"",""6"":""Nirmala UI"",""7"":""Nirmala UI"",""8"":""Nirmala UI"",""9"":""Arial"",""10"":""Nirmala UI""},""font_color"":{""0"":""#525252"",""1"":""#525252"",""2"":""#525252"",""3"":""#525252"",""4"":""#525252"",""5"":""#525252"",""6"":""#525252"",""7"":""#525252"",""8"":""#525252"",""9"":""#525252"",""10"":""#525252""},""attrib"":{""0"":"""",""1"":"""",""2"":"""",""3"":"""",""4"":"""",""5"":"""",""6"":"""",""7"":"""",""8"":""SUPERSCRIPT"",""9"":"""",""10"":""SUPERSCRIPT""},""font_family_updated"":{""0"":""Nirmala UI"",""1"":""Nirmala UI"",""2"":""Nirmala UI"",""3"":""Nirmala UI"",""4"":""Nirmala UI"",""5"":""Nirmala UI"",""6"":""Nirmala UI"",""7"":""Nirmala UI"",""8"":""Nirmala UI"",""9"":""Arial"",""10"":""Nirmala UI""},""font_size_updated"":{""0"":17,""1"":17,""2"":17,""3"":17,""4"":17,""5"":17,""6"":17,""7"":17,""8"":17,""9"":17,""10"":17}}","[{'text': 'किसी', 'conf': 96, 'text_left': 304, 'text_top': 1119, 'text_width': 107, 'text_height': 72}, {'text': 'अन्य', 'conf': 85, 'text_left': 432, 'text_top': 1133, 'text_width': 85, 'text_height': 37}, {'text': 'डाटा', 'conf': 96, 'text_left': 535, 'text_top': 1118, 'text_width': 154, 'text_height': 73}, {'text': 'में', 'conf': 96, 'text_left': 622, 'text_top': 1114, 'text_width': 78, 'text_height': 77}, {'text': 'गलती', 'conf': 96, 'text_left': 699, 'text_top': 1119, 'text_width': 112, 'text_height': 51}, {'text': 'की', 'conf': 96, 'text_left': 814, 'text_top': 1114, 'text_width': 59, 'text_height': 77}, {'text': 'स्थिति', 'conf': 96, 'text_left': 893, 'text_top': 1119, 'text_width': 123, 'text_height': 72}, {'text': 'में', 'conf': 93, 'text_left': 1033, 'text_top': 1118, 'text_width': 36, 'text_height': 52}, {'text': 'करदाता', 'conf': 89, 'text_left': 1087, 'text_top': 1133, 'text_width': 157, 'text_height': 41}, {'text': '“808४6', 'conf': 44, 'text_left': 1264, 'text_top': 1134, 'text_width': 218, 'text_height': 46}, {'text': 'is', 'conf': 96, 'text_left': 1505, 'text_top': 1134, 'text_width': 31, 'text_height': 37}, {'text': 'correcting', 'conf': 96, 'text_left': 1559, 'text_top': 1134, 'text_width': 215, 'text_height': 47}, {'text': 'Data', 'conf': 96, 'text_left': 1801, 'text_top': 1134, 'text_width': 98, 'text_height': 37}, {'text': 'in', 'conf': 96, 'text_left': 1925, 'text_top': 1134, 'text_width': 32, 'text_height': 36}, {'text': 'Rectification”', 'conf': 92, 'text_left': 1984, 'text_top': 1134, 'text_width': 283, 'text_height': 37}, {'text': '&', 'conf': 31, 'text_left': 2288, 'text_top': 1118, 'text_width': 45, 'text_height': 52}]"
12,141,421,54,311,23, विकल्प और सुधार करवाने के कारण को चुनें।,18,Nirmala UI,#525252,,Nirmala UI,17,"{""index"":{""0"":0,""1"":1,""2"":2,""3"":3,""4"":4,""5"":5,""6"":6,""7"":7},""xml_index"":{""0"":141,""1"":142,""2"":143,""3"":144,""4"":145,""5"":146,""6"":147,""7"":148},""text_top"":{""0"":421,""1"":421,""2"":421,""3"":421,""4"":421,""5"":421,""6"":421,""7"":421},""text_left"":{""0"":54,""1"":109,""2"":142,""3"":185,""4"":240,""5"":261,""6"":308,""7"":334},""text_width"":{""0"":50,""1"":28,""2"":38,""3"":51,""4"":16,""5"":42,""6"":20,""7"":31},""text_height"":{""0"":23,""1"":23,""2"":23,""3"":23,""4"":23,""5"":23,""6"":23,""7"":23},""text"":{""0"":""\u093f\u0935\u0915\"""",""1"":""\u0914\u0930"",""2"":""\u0938\u0941\u0927\u093e\u0930"",""3"":""\u0915\u0930\u0935\u093e\u0928\u0947"",""4"":""\u0915\u0947"",""5"":""\u0915\u093e\u0930\u0923"",""6"":""\u0915\u094b"",""7"":""\u091a\u0941\u0928\u3fb8\u0964""},""font_size"":{""0"":18,""1"":18,""2"":18,""3"":18,""4"":18,""5"":18,""6"":18,""7"":18},""font_family"":{""0"":""Nirmala UI"",""1"":""Nirmala UI"",""2"":""Nirmala UI"",""3"":""Nirmala UI"",""4"":""Nirmala UI"",""5"":""Nirmala UI"",""6"":""Nirmala UI"",""7"":""Nirmala UI""},""font_color"":{""0"":""#525252"",""1"":""#525252"",""2"":""#525252"",""3"":""#525252"",""4"":""#525252"",""5"":""#525252"",""6"":""#525252"",""7"":""#525252""},""attrib"":{""0"":"""",""1"":"""",""2"":"""",""3"":"""",""4"":"""",""5"":"""",""6"":"""",""7"":""""},""font_family_updated"":{""0"":""Nirmala UI"",""1"":""Nirmala UI"",""2"":""Nirmala UI"",""3"":""Nirmala UI"",""4"":""Nirmala UI"",""5"":""Nirmala UI"",""6"":""Nirmala UI"",""7"":""Nirmala UI""},""font_size_updated"":{""0"":17,""1"":17,""2"":17,""3"":17,""4"":17,""5"":17,""6"":17,""7"":17}}","[{'text': 'विकल्प', 'conf': 82, 'text_left': 154, 'text_top': 1185, 'text_width': 139, 'text_height': 51}, {'text': 'और', 'conf': 96, 'text_left': 309, 'text_top': 1169, 'text_width': 84, 'text_height': 67}, {'text': 'सुधार', 'conf': 95, 'text_left': 398, 'text_top': 1169, 'text_width': 114, 'text_height': 80}, {'text': 'करवाने', 'conf': 96, 'text_left': 517, 'text_top': 1169, 'text_width': 142, 'text_height': 67}, {'text': 'के', 'conf': 96, 'text_left': 671, 'text_top': 1169, 'text_width': 45, 'text_height': 67}, {'text': 'कारण', 'conf': 96, 'text_left': 723, 'text_top': 1169, 'text_width': 130, 'text_height': 67}, {'text': 'को', 'conf': 93, 'text_left': 860, 'text_top': 1169, 'text_width': 58, 'text_height': 67}, {'text': 'चुनें।', 'conf': 88, 'text_left': 930, 'text_top': 1169, 'text_width': 81, 'text_height': 80}]"
13,149,465,108,731,23," किसी HAY केस में करदाता “No further Data Correction Required, Reprocess the case”",18,Arial,#525252,,Arial,17,"{""index"":{""0"":0,""1"":1,""2"":2,""3"":3,""4"":4,""5"":5,""6"":6},""xml_index"":{""0"":149,""1"":150,""2"":151,""3"":152,""4"":153,""5"":154,""6"":155},""text_top"":{""0"":465,""1"":465,""2"":465,""3"":465,""4"":465,""5"":468,""6"":465},""text_left"":{""0"":108,""1"":155,""2"":194,""3"":232,""4"":252,""5"":308,""6"":823},""text_width"":{""0"":38,""1"":31,""2"":29,""3"":12,""4"":56,""5"":511,""6"":16},""text_height"":{""0"":23,""1"":23,""2"":23,""3"":23,""4"":23,""5"":20,""6"":23},""text"":{""0"":""\u093f\u0915\u0938\u0940"",""1"":""\u0905\u50c8"",""2"":""\u0915\u0947\u0938"",""3"":""\u092e\u3fb8"",""4"":""\u0915\u0930\u0926\u093e\u0924\u093e"",""5"":""\u00a0 \u201cNo\u00a0 further\u00a0 Data\u00a0 Correction\u00a0 Required,\u00a0 Reprocess\u00a0 the\u00a0 case\u201d\u00a0"",""6"":""\u0915\u0947""},""font_size"":{""0"":18,""1"":18,""2"":18,""3"":18,""4"":18,""5"":18,""6"":18},""font_family"":{""0"":""Nirmala UI"",""1"":""Nirmala UI"",""2"":""Nirmala UI"",""3"":""Nirmala UI"",""4"":""Nirmala UI"",""5"":""Arial"",""6"":""Nirmala UI""},""font_color"":{""0"":""#525252"",""1"":""#525252"",""2"":""#525252"",""3"":""#525252"",""4"":""#525252"",""5"":""#525252"",""6"":""#525252""},""attrib"":{""0"":"""",""1"":"""",""2"":"""",""3"":"""",""4"":""SUPERSCRIPT"",""5"":"""",""6"":""SUPERSCRIPT""},""font_family_updated"":{""0"":""Nirmala UI"",""1"":""Nirmala UI"",""2"":""Nirmala UI"",""3"":""Nirmala UI"",""4"":""Nirmala UI"",""5"":""Arial"",""6"":""Nirmala UI""},""font_size_updated"":{""0"":17,""1"":17,""2"":17,""3"":17,""4"":17,""5"":17,""6"":17}}","[{'text': 'किसी', 'conf': 96, 'text_left': 300, 'text_top': 1303, 'text_width': 111, 'text_height': 77}, {'text': 'HAY', 'conf': 58, 'text_left': 442, 'text_top': 1317, 'text_width': 80, 'text_height': 55}, {'text': 'केस', 'conf': 95, 'text_left': 540, 'text_top': 1306, 'text_width': 84, 'text_height': 74}, {'text': 'में', 'conf': 94, 'text_left': 634, 'text_top': 1302, 'text_width': 44, 'text_height': 70}, {'text': 'करदाता', 'conf': 90, 'text_left': 684, 'text_top': 1317, 'text_width': 178, 'text_height': 63}, {'text': '“No', 'conf': 33, 'text_left': 887, 'text_top': 1322, 'text_width': 87, 'text_height': 58}, {'text': 'further', 'conf': 96, 'text_left': 990, 'text_top': 1322, 'text_width': 145, 'text_height': 58}, {'text': 'Data', 'conf': 94, 'text_left': 1156, 'text_top': 1318, 'text_width': 106, 'text_height': 62}, {'text': 'Correction', 'conf': 94, 'text_left': 1275, 'text_top': 1322, 'text_width': 244, 'text_height': 58}, {'text': 'Required,', 'conf': 96, 'text_left': 1548, 'text_top': 1318, 'text_width': 208, 'text_height': 62}, {'text': 'Reprocess', 'conf': 90, 'text_left': 1789, 'text_top': 1318, 'text_width': 233, 'text_height': 62}, {'text': 'the', 'conf': 83, 'text_left': 2050, 'text_top': 1322, 'text_width': 79, 'text_height': 58}, {'text': 'case”', 'conf': 36, 'text_left': 2145, 'text_top': 1322, 'text_width': 117, 'text_height': 37}]"
14,156,489,54,723,22, विकल्प को चुन सकते हैं जहां प्रोसेसिंग में टीडीएस की नॉन-रिपोर्टिंग आदि के चलते गलती हुई हो सकती है।,18,Nirmala UI,#525252,,Nirmala UI,17,"{""index"":{""0"":0,""1"":1,""2"":2,""3"":3,""4"":4,""5"":5,""6"":6,""7"":7,""8"":8,""9"":9,""10"":10,""11"":11,""12"":12,""13"":13,""14"":14,""15"":15,""16"":16,""17"":17,""18"":18,""19"":19,""20"":20},""xml_index"":{""0"":156,""1"":157,""2"":158,""3"":159,""4"":160,""5"":161,""6"":162,""7"":163,""8"":164,""9"":165,""10"":166,""11"":167,""12"":168,""13"":169,""14"":170,""15"":171,""16"":172,""17"":173,""18"":174,""19"":175,""20"":176},""text_top"":{""0"":489,""1"":489,""2"":489,""3"":489,""4"":489,""5"":489,""6"":489,""7"":489,""8"":489,""9"":489,""10"":489,""11"":491,""12"":489,""13"":489,""14"":489,""15"":489,""16"":489,""17"":489,""18"":489,""19"":489,""20"":489},""text_left"":{""0"":54,""1"":109,""2"":134,""3"":162,""4"":207,""5"":222,""6"":256,""7"":319,""8"":336,""9"":397,""10"":422,""11"":449,""12"":455,""13"":515,""14"":556,""15"":576,""16"":617,""17"":662,""18"":688,""19"":709,""20"":758},""text_width"":{""0"":50,""1"":20,""2"":23,""3"":40,""4"":11,""5"":29,""6"":57,""7"":12,""8"":56,""9"":20,""10"":27,""11"":6,""12"":56,""13"":35,""14"":16,""15"":36,""16"":40,""17"":21,""18"":16,""19"":44,""20"":19},""text_height"":{""0"":23,""1"":23,""2"":23,""3"":23,""4"":23,""5"":23,""6"":23,""7"":23,""8"":23,""9"":23,""10"":23,""11"":20,""12"":23,""13"":23,""14"":23,""15"":23,""16"":23,""17"":23,""18"":23,""19"":23,""20"":23},""text"":{""0"":""\u093f\u0935\u0915\"""",""1"":""\u0915\u094b"",""2"":""\u091a\u0941\u0928"",""3"":""\u0938\u0915\u0924\u0947"",""4"":""\u0939\u0249"",""5"":""\u091c\u0939\u093e\u0902"",""6"":""\u44b0\u094b\u0938\u0947\u093f\u0938\u0902\u0917"",""7"":""\u092e\u3fb8"",""8"":""\u091f\u0940\u0921\u0940\u090f\u0938"",""9"":""\u0915\u0940"",""10"":""\u0928\u0949\u0928"",""11"":""\u00ad"",""12"":""\u0249\u0930\u092a\u094b\u093f\u091f\u0249\u0917"",""13"":""\u0906\u093f\u0926"",""14"":""\u0915\u0947"",""15"":""\u091a\u0932\u0924\u0947"",""16"":""\u0917\u0932\u0924\u0940"",""17"":""\u4230\u0908"",""18"":""\u0939\u094b"",""19"":""\u0938\u0915\u0924\u0940"",""20"":""\u0939\u0948\u0964""},""font_size"":{""0"":18,""1"":18,""2"":18,""3"":18,""4"":18,""5"":18,""6"":18,""7"":18,""8"":18,""9"":18,""10"":18,""11"":18,""12"":18,""13"":18,""14"":18,""15"":18,""16"":18,""17"":18,""18"":18,""19"":18,""20"":18},""font_family"":{""0"":""Nirmala UI"",""1"":""Nirmala UI"",""2"":""Nirmala UI"",""3"":""Nirmala UI"",""4"":""Nirmala UI"",""5"":""Nirmala UI"",""6"":""Nirmala UI"",""7"":""Nirmala UI"",""8"":""Nirmala UI"",""9"":""Nirmala UI"",""10"":""Nirmala UI"",""11"":""Arial"",""12"":""Nirmala UI"",""13"":""Nirmala UI"",""14"":""Nirmala UI"",""15"":""Nirmala UI"",""16"":""Nirmala UI"",""17"":""Nirmala UI"",""18"":""Nirmala UI"",""19"":""Nirmala UI"",""20"":""Nirmala UI""},""font_color"":{""0"":""#525252"",""1"":""#525252"",""2"":""#525252"",""3"":""#525252"",""4"":""#525252"",""5"":""#525252"",""6"":""#525252"",""7"":""#525252"",""8"":""#525252"",""9"":""#525252"",""10"":""#525252"",""11"":""#525252"",""12"":""#525252"",""13"":""#525252"",""14"":""#525252"",""15"":""#525252"",""16"":""#525252"",""17"":""#525252"",""18"":""#525252"",""19"":""#525252"",""20"":""#525252""},""attrib"":{""0"":"""",""1"":"""",""2"":"""",""3"":"""",""4"":"""",""5"":"""",""6"":"""",""7"":"""",""8"":"""",""9"":"""",""10"":""SUPERSCRIPT"",""11"":"""",""12"":""SUPERSCRIPT"",""13"":"""",""14"":"""",""15"":"""",""16"":"""",""17"":"""",""18"":"""",""19"":"""",""20"":""""},""font_family_updated"":{""0"":""Nirmala UI"",""1"":""Nirmala UI"",""2"":""Nirmala UI"",""3"":""Nirmala UI"",""4"":""Nirmala UI"",""5"":""Nirmala UI"",""6"":""Nirmala UI"",""7"":""Nirmala UI"",""8"":""Nirmala UI"",""9"":""Nirmala UI"",""10"":""Nirmala UI"",""11"":""Arial"",""12"":""Nirmala UI"",""13"":""Nirmala UI"",""14"":""Nirmala UI"",""15"":""Nirmala UI"",""16"":""Nirmala UI"",""17"":""Nirmala UI"",""18"":""Nirmala UI"",""19"":""Nirmala UI"",""20"":""Nirmala UI""},""font_size_updated"":{""0"":17,""1"":17,""2"":17,""3"":17,""4"":17,""5"":17,""6"":17,""7"":17,""8"":17,""9"":17,""10"":17,""11"":17,""12"":17,""13"":17,""14"":17,""15"":17,""16"":17,""17"":17,""18"":17,""19"":17,""20"":17}}","[{'text': 'विकल्प', 'conf': 84, 'text_left': 154, 'text_top': 1372, 'text_width': 139, 'text_height': 51}, {'text': 'को', 'conf': 96, 'text_left': 305, 'text_top': 1371, 'text_width': 59, 'text_height': 52}, {'text': 'चुन', 'conf': 95, 'text_left': 375, 'text_top': 1386, 'text_width': 66, 'text_height': 50}, {'text': 'सकते', 'conf': 96, 'text_left': 454, 'text_top': 1371, 'text_width': 112, 'text_height': 52}, {'text': 'हैं', 'conf': 93, 'text_left': 577, 'text_top': 1369, 'text_width': 32, 'text_height': 60}, {'text': 'जहां', 'conf': 93, 'text_left': 621, 'text_top': 1376, 'text_width': 83, 'text_height': 53}, {'text': 'प्रोसेसिंग', 'conf': 87, 'text_left': 716, 'text_top': 1358, 'text_width': 161, 'text_height': 65}, {'text': 'में', 'conf': 93, 'text_left': 889, 'text_top': 1371, 'text_width': 36, 'text_height': 52}, {'text': 'टीडीएस', 'conf': 92, 'text_left': 937, 'text_top': 1358, 'text_width': 157, 'text_height': 72}, {'text': 'की', 'conf': 93, 'text_left': 1103, 'text_top': 1358, 'text_width': 62, 'text_height': 65}, {'text': 'नॉन-रिपोर्टिंग', 'conf': 91, 'text_left': 1176, 'text_top': 1358, 'text_width': 253, 'text_height': 65}, {'text': 'आदि', 'conf': 96, 'text_left': 1439, 'text_top': 1358, 'text_width': 96, 'text_height': 69}, {'text': 'के', 'conf': 96, 'text_left': 1547, 'text_top': 1371, 'text_width': 45, 'text_height': 52}, {'text': 'चलते', 'conf': 96, 'text_left': 1604, 'text_top': 1358, 'text_width': 103, 'text_height': 65}, {'text': 'गलती', 'conf': 96, 'text_left': 1718, 'text_top': 1358, 'text_width': 119, 'text_height': 65}, {'text': 'हुई', 'conf': 93, 'text_left': 1843, 'text_top': 1358, 'text_width': 66, 'text_height': 78}, {'text': 'हो', 'conf': 94, 'text_left': 1915, 'text_top': 1358, 'text_width': 48, 'text_height': 71}, {'text': 'सकती', 'conf': 93, 'text_left': 1972, 'text_top': 1358, 'text_width': 125, 'text_height': 65}, {'text': 'है।', 'conf': 93, 'text_left': 2103, 'text_top': 1358, 'text_width': 38, 'text_height': 71}]"
15,177,533,108,731,23, ऑनलाइन कि रेक्टिफिकेशन .. फाइल. करने के हर लिए... विस्तृत .... यूजर मैनुअल,18,Nirmala UI,#525252,,Nirmala UI,17,"{""index"":{""0"":0,""1"":1,""2"":2,""3"":3,""4"":4,""5"":5,""6"":6,""7"":7,""8"":8},""xml_index"":{""0"":177,""1"":178,""2"":179,""3"":180,""4"":181,""5"":182,""6"":183,""7"":184,""8"":185},""text_top"":{""0"":533,""1"":533,""2"":533,""3"":533,""4"":533,""5"":533,""6"":533,""7"":533,""8"":533},""text_left"":{""0"":108,""1"":216,""2"":351,""3"":434,""4"":509,""5"":563,""6"":631,""7"":715,""8"":788},""text_width"":{""0"":69,""1"":95,""2"":44,""3"":35,""4"":16,""5"":28,""6"":45,""7"":33,""8"":51},""text_height"":{""0"":23,""1"":23,""2"":23,""3"":23,""4"":23,""5"":23,""6"":23,""7"":23,""8"":23},""text"":{""0"":""\u0911\u0928\u0932\u093e\u0907\u0928"",""1"":""\u0930\u0947\u4e18\u0249\u093f\u092b\u0915\u0947\u0936\u0928"",""2"":""\u092b\u093e\u0907\u0932"",""3"":""\u0915\u0930\u0928\u0947"",""4"":""\u0915\u0947"",""5"":""\u093f\u0932\u090f"",""6"":""\u093f\u0935\u7ff9\u0943\u0924"",""7"":""\u092f\u0942\u091c\u0930"",""8"":""\u092e\u0948\u0928\u0941\u0905\u0932""},""font_size"":{""0"":18,""1"":18,""2"":18,""3"":18,""4"":18,""5"":18,""6"":18,""7"":18,""8"":18},""font_family"":{""0"":""Nirmala UI"",""1"":""Nirmala UI"",""2"":""Nirmala UI"",""3"":""Nirmala UI"",""4"":""Nirmala UI"",""5"":""Nirmala UI"",""6"":""Nirmala UI"",""7"":""Nirmala UI"",""8"":""Nirmala UI""},""font_color"":{""0"":""#525252"",""1"":""#525252"",""2"":""#525252"",""3"":""#525252"",""4"":""#525252"",""5"":""#525252"",""6"":""#525252"",""7"":""#525252"",""8"":""#525252""},""attrib"":{""0"":"""",""1"":"""",""2"":"""",""3"":"""",""4"":"""",""5"":"""",""6"":"""",""7"":"""",""8"":""""},""font_family_updated"":{""0"":""Nirmala UI"",""1"":""Nirmala UI"",""2"":""Nirmala UI"",""3"":""Nirmala UI"",""4"":""Nirmala UI"",""5"":""Nirmala UI"",""6"":""Nirmala UI"",""7"":""Nirmala UI"",""8"":""Nirmala UI""},""font_size_updated"":{""0"":17,""1"":17,""2"":17,""3"":17,""4"":17,""5"":17,""6"":17,""7"":17,""8"":17}}","[{'text': 'ऑनलाइन', 'conf': 95, 'text_left': 300, 'text_top': 1489, 'text_width': 199, 'text_height': 80}, {'text': 'कि', 'conf': 5, 'text_left': 511, 'text_top': 1566, 'text_width': 71, 'text_height': 3}, {'text': 'रेक्टिफिकेशन', 'conf': 79, 'text_left': 587, 'text_top': 1489, 'text_width': 283, 'text_height': 80}, {'text': '..', 'conf': 0, 'text_left': 897, 'text_top': 1565, 'text_width': 5, 'text_height': 4}, {'text': 'फाइल.', 'conf': 45, 'text_left': 933, 'text_top': 1508, 'text_width': 257, 'text_height': 61}, {'text': 'करने', 'conf': 94, 'text_left': 1203, 'text_top': 1493, 'text_width': 101, 'text_height': 76}, {'text': 'के', 'conf': 79, 'text_left': 1406, 'text_top': 1493, 'text_width': 61, 'text_height': 76}, {'text': 'हर', 'conf': 36, 'text_left': 1541, 'text_top': 1566, 'text_width': 16, 'text_height': 3}, {'text': 'लिए...', 'conf': 71, 'text_left': 1569, 'text_top': 1494, 'text_width': 78, 'text_height': 58}, {'text': 'विस्तृत', 'conf': 90, 'text_left': 1755, 'text_top': 1494, 'text_width': 127, 'text_height': 63}, {'text': '....', 'conf': 32, 'text_left': 1892, 'text_top': 1566, 'text_width': 73, 'text_height': 3}, {'text': 'यूजर', 'conf': 96, 'text_left': 1974, 'text_top': 1508, 'text_width': 110, 'text_height': 61}, {'text': 'मैनुअल', 'conf': 95, 'text_left': 2172, 'text_top': 1487, 'text_width': 165, 'text_height': 75}]"
16,186,555,54,668,20,,18,Arial,#0000ff,,Arial,17,,[]
17,187,576,54,297,23, 0.08833787460862363. पर उपलब्ध है।,18,Arial,#525252,,Arial,17,"{""index"":{""0"":0,""1"":1,""2"":2,""3"":3},""xml_index"":{""0"":187,""1"":188,""2"":189,""3"":190},""text_top"":{""0"":579,""1"":576,""2"":576,""3"":576},""text_left"":{""0"":54,""1"":249,""2"":274,""3"":332},""text_width"":{""0"":195,""1"":20,""2"":36,""3"":19},""text_height"":{""0"":20,""1"":23,""2"":23,""3"":23},""text"":{""0"":""0.08833787460862363.\u00a0"",""1"":""\u092a\u0930"",""2"":""\u0909\u092a\u0932"",""3"":""\u0939\u0948\u0964""},""font_size"":{""0"":18,""1"":18,""2"":18,""3"":18},""font_family"":{""0"":""Arial"",""1"":""Nirmala UI"",""2"":""Nirmala UI"",""3"":""Nirmala UI""},""font_color"":{""0"":""#525252"",""1"":""#525252"",""2"":""#525252"",""3"":""#525252""},""attrib"":{""0"":"""",""1"":""SUPERSCRIPT"",""2"":"""",""3"":""""},""font_family_updated"":{""0"":""Arial"",""1"":""Nirmala UI"",""2"":""Nirmala UI"",""3"":""Nirmala UI""},""font_size_updated"":{""0"":17,""1"":17,""2"":17,""3"":17}}","[{'text': '0.08833787460862363.', 'conf': 90, 'text_left': 155, 'text_top': 1600, 'text_width': 831, 'text_height': 69}, {'text': 'पर', 'conf': 96, 'text_left': 690, 'text_top': 1600, 'text_width': 68, 'text_height': 89}, {'text': 'उपलब्ध', 'conf': 93, 'text_left': 764, 'text_top': 1600, 'text_width': 144, 'text_height': 74}, {'text': 'है।', 'conf': 92, 'text_left': 907, 'text_top': 1600, 'text_width': 73, 'text_height': 89}]"
18,191,620,108,671,23, इस सुविधा के जरिए करदाता अपने ऑनलाइन सुधार के अनुरोध की स्थिति की ट्रैकिंग कर सकते हैं।,18,Nirmala UI,#525252,,Nirmala UI,17,"{""index"":{""0"":0,""1"":1,""2"":2,""3"":3,""4"":4,""5"":5,""6"":6,""7"":7,""8"":8,""9"":9,""10"":10,""11"":11,""12"":12,""13"":13,""14"":14,""15"":15,""16"":16},""xml_index"":{""0"":191,""1"":192,""2"":193,""3"":194,""4"":195,""5"":196,""6"":197,""7"":198,""8"":199,""9"":200,""10"":201,""11"":202,""12"":203,""13"":204,""14"":205,""15"":206,""16"":207},""text_top"":{""0"":620,""1"":620,""2"":620,""3"":620,""4"":620,""5"":620,""6"":620,""7"":620,""8"":620,""9"":620,""10"":620,""11"":620,""12"":620,""13"":620,""14"":620,""15"":620,""16"":620},""text_left"":{""0"":108,""1"":136,""2"":186,""3"":206,""4"":248,""5"":309,""6"":351,""7"":425,""8"":468,""9"":488,""10"":544,""11"":569,""12"":614,""13"":639,""14"":686,""15"":715,""16"":760},""text_width"":{""0"":23,""1"":44,""2"":16,""3"":37,""4"":56,""5"":37,""6"":69,""7"":38,""8"":16,""9"":51,""10"":20,""11"":39,""12"":20,""13"":42,""14"":24,""15"":40,""16"":19},""text_height"":{""0"":23,""1"":23,""2"":23,""3"":23,""4"":23,""5"":23,""6"":23,""7"":23,""8"":23,""9"":23,""10"":23,""11"":23,""12"":23,""13"":23,""14"":23,""15"":23,""16"":23},""text"":{""0"":""\u0907\u0938"",""1"":""\u0938\u0941\u093f\u0935\u0927\u093e"",""2"":""\u0915\u0947"",""3"":""\u091c\u0249\u0930\u090f"",""4"":""\u0915\u0930\u0926\u093e\u0924\u093e"",""5"":""\u0905\u092a\u0928\u0947"",""6"":""\u0911\u0928\u0932\u093e\u0907\u0928"",""7"":""\u0938\u0941\u0927\u093e\u0930"",""8"":""\u0915\u0947"",""9"":""\u0905\u0928\u0941\u0930\u094b\u0927"",""10"":""\u0915\u0940"",""11"":""\u4e18 \u0925\u093f\u0924"",""12"":""\u0915\u0940"",""13"":""\u091f\u3ee8\u0948\u093f\u0915\u0902\u0917"",""14"":""\u0915\u0930"",""15"":""\u0938\u0915\u0924\u0947"",""16"":""\u0939\u0249\u0964""},""font_size"":{""0"":18,""1"":18,""2"":18,""3"":18,""4"":18,""5"":18,""6"":18,""7"":18,""8"":18,""9"":18,""10"":18,""11"":18,""12"":18,""13"":18,""14"":18,""15"":18,""16"":18},""font_family"":{""0"":""Nirmala UI"",""1"":""Nirmala UI"",""2"":""Nirmala UI"",""3"":""Nirmala UI"",""4"":""Nirmala UI"",""5"":""Nirmala UI"",""6"":""Nirmala UI"",""7"":""Nirmala UI"",""8"":""Nirmala UI"",""9"":""Nirmala UI"",""10"":""Nirmala UI"",""11"":""Nirmala UI"",""12"":""Nirmala UI"",""13"":""Nirmala UI"",""14"":""Nirmala UI"",""15"":""Nirmala UI"",""16"":""Nirmala UI""},""font_color"":{""0"":""#525252"",""1"":""#525252"",""2"":""#525252"",""3"":""#525252"",""4"":""#525252"",""5"":""#525252"",""6"":""#525252"",""7"":""#525252"",""8"":""#525252"",""9"":""#525252"",""10"":""#525252"",""11"":""#525252"",""12"":""#525252"",""13"":""#525252"",""14"":""#525252"",""15"":""#525252"",""16"":""#525252""},""attrib"":{""0"":"""",""1"":"""",""2"":"""",""3"":"""",""4"":"""",""5"":"""",""6"":"""",""7"":"""",""8"":"""",""9"":"""",""10"":"""",""11"":"""",""12"":"""",""13"":"""",""14"":"""",""15"":"""",""16"":""""},""font_family_updated"":{""0"":""Nirmala UI"",""1"":""Nirmala UI"",""2"":""Nirmala UI"",""3"":""Nirmala UI"",""4"":""Nirmala UI"",""5"":""Nirmala UI"",""6"":""Nirmala UI"",""7"":""Nirmala UI"",""8"":""Nirmala UI"",""9"":""Nirmala UI"",""10"":""Nirmala UI"",""11"":""Nirmala UI"",""12"":""Nirmala UI"",""13"":""Nirmala UI"",""14"":""Nirmala UI"",""15"":""Nirmala UI"",""16"":""Nirmala UI""},""font_size_updated"":{""0"":17,""1"":17,""2"":17,""3"":17,""4"":17,""5"":17,""6"":17,""7"":17,""8"":17,""9"":17,""10"":17,""11"":17,""12"":17,""13"":17,""14"":17,""15"":17,""16"":17}}","[{'text': 'इस', 'conf': 96, 'text_left': 304, 'text_top': 1752, 'text_width': 66, 'text_height': 44}, {'text': 'सुविधा', 'conf': 96, 'text_left': 382, 'text_top': 1738, 'text_width': 125, 'text_height': 64}, {'text': 'के', 'conf': 96, 'text_left': 519, 'text_top': 1737, 'text_width': 45, 'text_height': 52}, {'text': 'जरिए', 'conf': 93, 'text_left': 576, 'text_top': 1738, 'text_width': 105, 'text_height': 58}, {'text': 'करदाता', 'conf': 89, 'text_left': 693, 'text_top': 1752, 'text_width': 158, 'text_height': 41}, {'text': 'अपने', 'conf': 95, 'text_left': 867, 'text_top': 1737, 'text_width': 99, 'text_height': 52}, {'text': 'ऑनलाइन', 'conf': 96, 'text_left': 982, 'text_top': 1738, 'text_width': 189, 'text_height': 58}, {'text': 'सुधार', 'conf': 96, 'text_left': 1184, 'text_top': 1752, 'text_width': 106, 'text_height': 50}, {'text': 'के', 'conf': 96, 'text_left': 1303, 'text_top': 1737, 'text_width': 45, 'text_height': 52}, {'text': 'अनुरोध', 'conf': 96, 'text_left': 1364, 'text_top': 1737, 'text_width': 139, 'text_height': 65}, {'text': 'की', 'conf': 95, 'text_left': 1514, 'text_top': 1738, 'text_width': 59, 'text_height': 51}, {'text': 'स्थिति', 'conf': 95, 'text_left': 1584, 'text_top': 1738, 'text_width': 112, 'text_height': 51}, {'text': 'की', 'conf': 97, 'text_left': 1708, 'text_top': 1738, 'text_width': 58, 'text_height': 51}, {'text': 'ट्रैकिंग', 'conf': 96, 'text_left': 1778, 'text_top': 1735, 'text_width': 119, 'text_height': 66}, {'text': 'कर', 'conf': 96, 'text_left': 1909, 'text_top': 1752, 'text_width': 69, 'text_height': 37}, {'text': 'सकते', 'conf': 93, 'text_left': 1990, 'text_top': 1737, 'text_width': 113, 'text_height': 52}, {'text': 'हैं।', 'conf': 91, 'text_left': 2114, 'text_top': 1735, 'text_width': 47, 'text_height': 60}]"
19,208,664,108,730,23," सीपीसी, बेंगलुरु ने वित्त वर्ष 2045-6 में 29 फरवरी 206 तक परिशोधन के लिए 6,53,763 ऑनलाइन",18,Arial,#525252,,Arial,17,"{""index"":{""0"":0,""1"":1,""2"":2,""3"":3,""4"":4,""5"":5,""6"":6,""7"":7,""8"":8,""9"":9,""10"":10,""11"":11,""12"":12,""13"":13,""14"":14,""15"":15,""16"":16},""xml_index"":{""0"":208,""1"":209,""2"":210,""3"":211,""4"":212,""5"":213,""6"":214,""7"":215,""8"":216,""9"":217,""10"":218,""11"":219,""12"":220,""13"":221,""14"":222,""15"":223,""16"":224},""text_top"":{""0"":664,""1"":667,""2"":664,""3"":664,""4"":664,""5"":664,""6"":667,""7"":664,""8"":667,""9"":664,""10"":667,""11"":664,""12"":664,""13"":664,""14"":664,""15"":667,""16"":664},""text_left"":{""0"":108,""1"":159,""2"":170,""3"":224,""4"":242,""5"":277,""6"":299,""7"":379,""8"":391,""9"":425,""10"":474,""11"":528,""12"":561,""13"":634,""14"":656,""15"":684,""16"":769},""text_width"":{""0"":51,""1"":10,""2"":48,""3"":11,""4"":15,""5"":22,""6"":78,""7"":12,""8"":32,""9"":49,""10"":52,""11"":27,""12"":65,""13"":16,""14"":28,""15"":82,""16"":69},""text_height"":{""0"":23,""1"":20,""2"":23,""3"":23,""4"":23,""5"":23,""6"":20,""7"":23,""8"":20,""9"":23,""10"":20,""11"":23,""12"":23,""13"":23,""14"":23,""15"":20,""16"":23},""text"":{""0"":""\u0938\u0940\u092a\u0940\u0938\u0940"",""1"":"",\u00a0"",""2"":""\u092c\u3fb8\u0917\u0932\u0941\u41d0"",""3"":""\u0928\u0947"",""4"":""\u093f\u0935"",""5"":""\u0935\u0937\ud208"",""6"":""\u00a02015\u00ad16\u00a0"",""7"":""\u092e\u3fb8"",""8"":""\u00a029\u00a0"",""9"":""\u092b\u0930\u0935\u0930\u0940"",""10"":""\u00a02016\u00a0"",""11"":""\u0924\u0915"",""12"":""\u092a\u0249\u0930\u0936\u094b\u0927\u0928"",""13"":""\u0915\u0947"",""14"":""\u093f\u0932\u090f"",""15"":""\u00a06,53,763\u00a0"",""16"":""\u0911\u0928\u0932\u093e\u0907\u0928""},""font_size"":{""0"":18,""1"":18,""2"":18,""3"":18,""4"":18,""5"":18,""6"":18,""7"":18,""8"":18,""9"":18,""10"":18,""11"":18,""12"":18,""13"":18,""14"":18,""15"":18,""16"":18},""font_family"":{""0"":""Nirmala UI"",""1"":""Arial"",""2"":""Nirmala UI"",""3"":""Nirmala UI"",""4"":""Nirmala UI"",""5"":""Nirmala UI"",""6"":""Arial"",""7"":""Nirmala UI"",""8"":""Arial"",""9"":""Nirmala UI"",""10"":""Arial"",""11"":""Nirmala UI"",""12"":""Nirmala UI"",""13"":""Nirmala UI"",""14"":""Nirmala UI"",""15"":""Arial"",""16"":""Nirmala UI""},""font_color"":{""0"":""#525252"",""1"":""#525252"",""2"":""#525252"",""3"":""#525252"",""4"":""#525252"",""5"":""#525252"",""6"":""#525252"",""7"":""#525252"",""8"":""#525252"",""9"":""#525252"",""10"":""#525252"",""11"":""#525252"",""12"":""#525252"",""13"":""#525252"",""14"":""#525252"",""15"":""#525252"",""16"":""#525252""},""attrib"":{""0"":""SUPERSCRIPT"",""1"":"""",""2"":""SUPERSCRIPT"",""3"":"""",""4"":"""",""5"":""SUPERSCRIPT"",""6"":"""",""7"":""SUPERSCRIPT"",""8"":"""",""9"":""SUPERSCRIPT"",""10"":"""",""11"":""SUPERSCRIPT"",""12"":"""",""13"":"""",""14"":""SUPERSCRIPT"",""15"":"""",""16"":""SUPERSCRIPT""},""font_family_updated"":{""0"":""Nirmala UI"",""1"":""Arial"",""2"":""Nirmala UI"",""3"":""Nirmala UI"",""4"":""Nirmala UI"",""5"":""Nirmala UI"",""6"":""Arial"",""7"":""Nirmala UI"",""8"":""Arial"",""9"":""Nirmala UI"",""10"":""Arial"",""11"":""Nirmala UI"",""12"":""Nirmala UI"",""13"":""Nirmala UI"",""14"":""Nirmala UI"",""15"":""Arial"",""16"":""Nirmala UI""},""font_size_updated"":{""0"":17,""1"":17,""2"":17,""3"":17,""4"":17,""5"":17,""6"":17,""7"":17,""8"":17,""9"":17,""10"":17,""11"":17,""12"":17,""13"":17,""14"":17,""15"":17,""16"":17}}","[{'text': 'सीपीसी,', 'conf': 93, 'text_left': 300, 'text_top': 1860, 'text_width': 156, 'text_height': 73}, {'text': 'बेंगलुरु', 'conf': 96, 'text_left': 476, 'text_top': 1859, 'text_width': 183, 'text_height': 74}, {'text': 'ने', 'conf': 97, 'text_left': 616, 'text_top': 1854, 'text_width': 50, 'text_height': 79}, {'text': 'वित्त', 'conf': 95, 'text_left': 677, 'text_top': 1860, 'text_width': 78, 'text_height': 51}, {'text': 'वर्ष', 'conf': 93, 'text_left': 773, 'text_top': 1858, 'text_width': 64, 'text_height': 75}, {'text': '2045-6', 'conf': 0, 'text_left': 855, 'text_top': 1875, 'text_width': 145, 'text_height': 58}, {'text': 'में', 'conf': 96, 'text_left': 1011, 'text_top': 1859, 'text_width': 80, 'text_height': 74}, {'text': '29', 'conf': 89, 'text_left': 1106, 'text_top': 1875, 'text_width': 57, 'text_height': 58}, {'text': 'फरवरी', 'conf': 93, 'text_left': 1184, 'text_top': 1854, 'text_width': 148, 'text_height': 79}, {'text': '206', 'conf': 0, 'text_left': 1341, 'text_top': 1875, 'text_width': 109, 'text_height': 58}, {'text': 'तक', 'conf': 93, 'text_left': 1470, 'text_top': 1874, 'text_width': 75, 'text_height': 59}, {'text': 'परिशोधन', 'conf': 91, 'text_left': 1559, 'text_top': 1859, 'text_width': 187, 'text_height': 74}, {'text': 'के', 'conf': 96, 'text_left': 1764, 'text_top': 1859, 'text_width': 45, 'text_height': 74}, {'text': 'लिए', 'conf': 93, 'text_left': 1824, 'text_top': 1860, 'text_width': 82, 'text_height': 73}, {'text': '6,53,763', 'conf': 88, 'text_left': 1915, 'text_top': 1875, 'text_width': 201, 'text_height': 58}, {'text': 'ऑनलाइन', 'conf': 96, 'text_left': 2126, 'text_top': 1860, 'text_width': 206, 'text_height': 73}]"
20,225,688,54,785,23, शिकायतें आगे बढ़ा दी हैं। करताओं को सही रिटर्न पहुंचाने और रिफंड देने के लिए सीबीडीटी प्रतिबद्ध है। साथ ही,18,Nirmala UI,#525252,,Nirmala UI,17,"{""index"":{""0"":0,""1"":1,""2"":2,""3"":3,""4"":4,""5"":5,""6"":6,""7"":7,""8"":8,""9"":9,""10"":10,""11"":11,""12"":12,""13"":13,""14"":14,""15"":15,""16"":16,""17"":17,""18"":18,""19"":19},""xml_index"":{""0"":225,""1"":226,""2"":227,""3"":228,""4"":229,""5"":230,""6"":231,""7"":232,""8"":233,""9"":234,""10"":235,""11"":236,""12"":237,""13"":238,""14"":239,""15"":240,""16"":241,""17"":242,""18"":243,""19"":244},""text_top"":{""0"":688,""1"":688,""2"":688,""3"":688,""4"":688,""5"":688,""6"":688,""7"":688,""8"":688,""9"":688,""10"":688,""11"":688,""12"":688,""13"":688,""14"":688,""15"":688,""16"":688,""17"":688,""18"":688,""19"":688},""text_left"":{""0"":54,""1"":121,""2"":158,""3"":192,""4"":214,""5"":239,""6"":305,""7"":331,""8"":366,""9"":407,""10"":463,""11"":498,""12"":546,""13"":575,""14"":596,""15"":631,""16"":703,""17"":762,""18"":787,""19"":823},""text_width"":{""0"":61,""1"":31,""2"":27,""3"":16,""4"":19,""5"":60,""6"":20,""7"":28,""8"":35,""9"":49,""10"":28,""11"":42,""12"":22,""13"":16,""14"":28,""15"":66,""16"":38,""17"":19,""18"":29,""19"":16},""text_height"":{""0"":23,""1"":23,""2"":23,""3"":23,""4"":23,""5"":23,""6"":23,""7"":23,""8"":23,""9"":23,""10"":23,""11"":23,""12"":23,""13"":23,""14"":23,""15"":23,""16"":23,""17"":23,""18"":23,""19"":23},""text"":{""0"":""\u093f\u0936\u0915\u093e\u092f\u0924\u3fb8"",""1"":""\u0906\u0917\u0947"",""2"":""\u092c\u095d\u093e"",""3"":""\u0926\u0940"",""4"":""\u0939\u0249\u0964"",""5"":""\u0915\u0930\u0924\u093e\u0913\u0902"",""6"":""\u0915\u094b"",""7"":""\u0938\u0939\u0940"",""8"":""\u0249\u0930\u091f\u0928\ud208"",""9"":""\u092a\u4230\u0902\u091a\u093e\u0928\u0947"",""10"":""\u0914\u0930"",""11"":""\u0249\u0930\u092b\u0902\u0921"",""12"":""\u0926\u0947\u0928\u0947"",""13"":""\u0915\u0947"",""14"":""\u093f\u0932\u090f"",""15"":""\u0938\u0940\u092c\u0940\u0921\u0940\u091f\u0940"",""16"":""\u44b0\u093f\u0924\u092c"",""17"":""\u0939\u0948\u0964"",""18"":""\u0938\u093e\u0925"",""19"":""\u0939\u0940""},""font_size"":{""0"":18,""1"":18,""2"":18,""3"":18,""4"":18,""5"":18,""6"":18,""7"":18,""8"":18,""9"":18,""10"":18,""11"":18,""12"":18,""13"":18,""14"":18,""15"":18,""16"":18,""17"":18,""18"":18,""19"":18},""font_family"":{""0"":""Nirmala UI"",""1"":""Nirmala UI"",""2"":""Nirmala UI"",""3"":""Nirmala UI"",""4"":""Nirmala UI"",""5"":""Nirmala UI"",""6"":""Nirmala UI"",""7"":""Nirmala UI"",""8"":""Nirmala UI"",""9"":""Nirmala UI"",""10"":""Nirmala UI"",""11"":""Nirmala UI"",""12"":""Nirmala UI"",""13"":""Nirmala UI"",""14"":""Nirmala UI"",""15"":""Nirmala UI"",""16"":""Nirmala UI"",""17"":""Nirmala UI"",""18"":""Nirmala UI"",""19"":""Nirmala UI""},""font_color"":{""0"":""#525252"",""1"":""#525252"",""2"":""#525252"",""3"":""#525252"",""4"":""#525252"",""5"":""#525252"",""6"":""#525252"",""7"":""#525252"",""8"":""#525252"",""9"":""#525252"",""10"":""#525252"",""11"":""#525252"",""12"":""#525252"",""13"":""#525252"",""14"":""#525252"",""15"":""#525252"",""16"":""#525252"",""17"":""#525252"",""18"":""#525252"",""19"":""#525252""},""attrib"":{""0"":"""",""1"":"""",""2"":"""",""3"":"""",""4"":"""",""5"":"""",""6"":"""",""7"":"""",""8"":"""",""9"":"""",""10"":"""",""11"":"""",""12"":"""",""13"":"""",""14"":"""",""15"":"""",""16"":"""",""17"":"""",""18"":"""",""19"":""""},""font_family_updated"":{""0"":""Nirmala UI"",""1"":""Nirmala UI"",""2"":""Nirmala UI"",""3"":""Nirmala UI"",""4"":""Nirmala UI"",""5"":""Nirmala UI"",""6"":""Nirmala UI"",""7"":""Nirmala UI"",""8"":""Nirmala UI"",""9"":""Nirmala UI"",""10"":""Nirmala UI"",""11"":""Nirmala UI"",""12"":""Nirmala UI"",""13"":""Nirmala UI"",""14"":""Nirmala UI"",""15"":""Nirmala UI"",""16"":""Nirmala UI"",""17"":""Nirmala UI"",""18"":""Nirmala UI"",""19"":""Nirmala UI""},""font_size_updated"":{""0"":17,""1"":17,""2"":17,""3"":17,""4"":17,""5"":17,""6"":17,""7"":17,""8"":17,""9"":17,""10"":17,""11"":17,""12"":17,""13"":17,""14"":17,""15"":17,""16"":17,""17"":17,""18"":17,""19"":17}}","[{'text': 'शिकायतें', 'conf': 96, 'text_left': 154, 'text_top': 1911, 'text_width': 183, 'text_height': 89}, {'text': 'आगे', 'conf': 96, 'text_left': 345, 'text_top': 1911, 'text_width': 84, 'text_height': 67}, {'text': 'बढ़ा', 'conf': 96, 'text_left': 438, 'text_top': 1911, 'text_width': 84, 'text_height': 76}, {'text': 'दी', 'conf': 93, 'text_left': 537, 'text_top': 1911, 'text_width': 46, 'text_height': 71}, {'text': 'हैं।', 'conf': 92, 'text_left': 593, 'text_top': 1911, 'text_width': 63, 'text_height': 89}, {'text': 'करताओं', 'conf': 91, 'text_left': 668, 'text_top': 1911, 'text_width': 240, 'text_height': 89}, {'text': 'को', 'conf': 96, 'text_left': 839, 'text_top': 1911, 'text_width': 68, 'text_height': 89}, {'text': 'सही', 'conf': 96, 'text_left': 923, 'text_top': 1911, 'text_width': 89, 'text_height': 89}, {'text': 'रिटर्न', 'conf': 96, 'text_left': 1017, 'text_top': 1911, 'text_width': 107, 'text_height': 89}, {'text': 'पहुंचाने', 'conf': 96, 'text_left': 1135, 'text_top': 1911, 'text_width': 145, 'text_height': 89}, {'text': 'और', 'conf': 96, 'text_left': 1294, 'text_top': 1911, 'text_width': 76, 'text_height': 67}, {'text': 'रिफंड', 'conf': 96, 'text_left': 1377, 'text_top': 1911, 'text_width': 131, 'text_height': 89}, {'text': 'देने', 'conf': 95, 'text_left': 1520, 'text_top': 1911, 'text_width': 70, 'text_height': 71}, {'text': 'के', 'conf': 95, 'text_left': 1599, 'text_top': 1911, 'text_width': 46, 'text_height': 67}, {'text': 'लिए', 'conf': 93, 'text_left': 1660, 'text_top': 1911, 'text_width': 81, 'text_height': 74}, {'text': 'सीबीडीटी', 'conf': 92, 'text_left': 1755, 'text_top': 1911, 'text_width': 189, 'text_height': 89}, {'text': 'प्रतिबद्ध', 'conf': 93, 'text_left': 1956, 'text_top': 1911, 'text_width': 154, 'text_height': 89}, {'text': 'है।', 'conf': 92, 'text_left': 2120, 'text_top': 1911, 'text_width': 56, 'text_height': 89}, {'text': 'साथ', 'conf': 97, 'text_left': 2191, 'text_top': 1911, 'text_width': 73, 'text_height': 89}, {'text': 'ही', 'conf': 96, 'text_left': 2269, 'text_top': 1911, 'text_width': 62, 'text_height': 89}]"
21,245,712,54,784,23, सीबीडीटी करदाताओं से रिटर्न और रेक्टिफिकेशन अनुरोध फाइल करते समय डाटा की सही जानकारी देने के लिए,18,Nirmala UI,#525252,,Nirmala UI,17,"{""index"":{""0"":0,""1"":1,""2"":2,""3"":3,""4"":4,""5"":5,""6"":6,""7"":7,""8"":8,""9"":9,""10"":10,""11"":11,""12"":12,""13"":13,""14"":14,""15"":15,""16"":16},""xml_index"":{""0"":245,""1"":246,""2"":247,""3"":248,""4"":249,""5"":250,""6"":251,""7"":252,""8"":253,""9"":254,""10"":255,""11"":256,""12"":257,""13"":258,""14"":259,""15"":260,""16"":261},""text_top"":{""0"":712,""1"":712,""2"":712,""3"":712,""4"":712,""5"":712,""6"":712,""7"":712,""8"":712,""9"":712,""10"":712,""11"":712,""12"":712,""13"":712,""14"":712,""15"":712,""16"":712},""text_left"":{""0"":54,""1"":126,""2"":208,""3"":227,""4"":268,""5"":302,""6"":403,""7"":459,""8"":509,""9"":550,""10"":592,""11"":631,""12"":657,""13"":692,""14"":760,""15"":788,""16"":810},""text_width"":{""0"":66,""1"":76,""2"":13,""3"":35,""4"":28,""5"":95,""6"":51,""7"":44,""8"":35,""9"":36,""10"":33,""11"":20,""12"":28,""13"":63,""14"":22,""15"":16,""16"":28},""text_height"":{""0"":23,""1"":23,""2"":23,""3"":23,""4"":23,""5"":23,""6"":23,""7"":23,""8"":23,""9"":23,""10"":23,""11"":23,""12"":23,""13"":23,""14"":23,""15"":23,""16"":23},""text"":{""0"":""\u0938\u0940\u092c\u0940\u0921\u0940\u091f\u0940"",""1"":""\u0915\u0930\u0926\u093e\u0924\u093e\u0913\u0902"",""2"":""\u0938\u0947"",""3"":""\u0249\u0930\u091f\u0928\ud208"",""4"":""\u0914\u0930"",""5"":""\u0930\u0947\u4e18\u0249\u093f\u092b\u0915\u0947\u0936\u0928"",""6"":""\u0905\u0928\u0941\u0930\u094b\u0927"",""7"":""\u092b\u093e\u0907\u0932"",""8"":""\u0915\u0930\u0924\u0947"",""9"":""\u0938\u092e\u092f"",""10"":""\u0921\u093e\u091f\u093e"",""11"":""\u0915\u0940"",""12"":""\u0938\u0939\u0940"",""13"":""\u091c\u093e\u0928\u0915\u093e\u0930\u0940"",""14"":""\u0926\u0947\u0928\u0947"",""15"":""\u0915\u0947"",""16"":""\u093f\u0932\u090f""},""font_size"":{""0"":18,""1"":18,""2"":18,""3"":18,""4"":18,""5"":18,""6"":18,""7"":18,""8"":18,""9"":18,""10"":18,""11"":18,""12"":18,""13"":18,""14"":18,""15"":18,""16"":18},""font_family"":{""0"":""Nirmala UI"",""1"":""Nirmala UI"",""2"":""Nirmala UI"",""3"":""Nirmala UI"",""4"":""Nirmala UI"",""5"":""Nirmala UI"",""6"":""Nirmala UI"",""7"":""Nirmala UI"",""8"":""Nirmala UI"",""9"":""Nirmala UI"",""10"":""Nirmala UI"",""11"":""Nirmala UI"",""12"":""Nirmala UI"",""13"":""Nirmala UI"",""14"":""Nirmala UI"",""15"":""Nirmala UI"",""16"":""Nirmala UI""},""font_color"":{""0"":""#525252"",""1"":""#525252"",""2"":""#525252"",""3"":""#525252"",""4"":""#525252"",""5"":""#525252"",""6"":""#525252"",""7"":""#525252"",""8"":""#525252"",""9"":""#525252"",""10"":""#525252"",""11"":""#525252"",""12"":""#525252"",""13"":""#525252"",""14"":""#525252"",""15"":""#525252"",""16"":""#525252""},""attrib"":{""0"":"""",""1"":"""",""2"":"""",""3"":"""",""4"":"""",""5"":"""",""6"":"""",""7"":"""",""8"":"""",""9"":"""",""10"":"""",""11"":"""",""12"":"""",""13"":"""",""14"":"""",""15"":"""",""16"":""""},""font_family_updated"":{""0"":""Nirmala UI"",""1"":""Nirmala UI"",""2"":""Nirmala UI"",""3"":""Nirmala UI"",""4"":""Nirmala UI"",""5"":""Nirmala UI"",""6"":""Nirmala UI"",""7"":""Nirmala UI"",""8"":""Nirmala UI"",""9"":""Nirmala UI"",""10"":""Nirmala UI"",""11"":""Nirmala UI"",""12"":""Nirmala UI"",""13"":""Nirmala UI"",""14"":""Nirmala UI"",""15"":""Nirmala UI"",""16"":""Nirmala UI""},""font_size_updated"":{""0"":17,""1"":17,""2"":17,""3"":17,""4"":17,""5"":17,""6"":17,""7"":17,""8"":17,""9"":17,""10"":17,""11"":17,""12"":17,""13"":17,""14"":17,""15"":17,""16"":17}}","[{'text': 'सीबीडीटी', 'conf': 91, 'text_left': 154, 'text_top': 1992, 'text_width': 186, 'text_height': 75}, {'text': 'करदाताओं', 'conf': 91, 'text_left': 355, 'text_top': 1978, 'text_width': 211, 'text_height': 89}, {'text': 'से', 'conf': 97, 'text_left': 580, 'text_top': 1991, 'text_width': 38, 'text_height': 52}, {'text': 'रिटर्न', 'conf': 95, 'text_left': 633, 'text_top': 1990, 'text_width': 101, 'text_height': 53}, {'text': 'और', 'conf': 92, 'text_left': 751, 'text_top': 1989, 'text_width': 76, 'text_height': 54}, {'text': 'रेक्टिफिकेशन', 'conf': 84, 'text_left': 838, 'text_top': 1978, 'text_width': 269, 'text_height': 65}, {'text': 'अनुरोध', 'conf': 96, 'text_left': 1126, 'text_top': 1978, 'text_width': 139, 'text_height': 78}, {'text': 'फाइल', 'conf': 95, 'text_left': 1279, 'text_top': 2006, 'text_width': 124, 'text_height': 44}, {'text': 'करते', 'conf': 96, 'text_left': 1417, 'text_top': 1978, 'text_width': 101, 'text_height': 65}, {'text': 'समय', 'conf': 96, 'text_left': 1532, 'text_top': 1978, 'text_width': 102, 'text_height': 65}, {'text': 'डाटा', 'conf': 96, 'text_left': 1649, 'text_top': 1978, 'text_width': 93, 'text_height': 66}, {'text': 'की', 'conf': 96, 'text_left': 1757, 'text_top': 1992, 'text_width': 58, 'text_height': 51}, {'text': 'सही', 'conf': 95, 'text_left': 1829, 'text_top': 1978, 'text_width': 81, 'text_height': 71}, {'text': 'जानकारी', 'conf': 96, 'text_left': 1925, 'text_top': 1978, 'text_width': 178, 'text_height': 65}, {'text': 'देने', 'conf': 96, 'text_left': 2116, 'text_top': 1978, 'text_width': 63, 'text_height': 69}, {'text': 'के', 'conf': 96, 'text_left': 2194, 'text_top': 1991, 'text_width': 45, 'text_height': 52}, {'text': 'लिए', 'conf': 96, 'text_left': 2253, 'text_top': 1978, 'text_width': 79, 'text_height': 72}]"
22,262,735,54,177,23, सक्रिया सहयोग चाहता है।,18,Nirmala UI,#525252,,Nirmala UI,17,"{""index"":{""0"":0,""1"":1,""2"":2,""3"":3},""xml_index"":{""0"":262,""1"":263,""2"":264,""3"":265},""text_top"":{""0"":735,""1"":735,""2"":735,""3"":735},""text_left"":{""0"":54,""1"":108,""2"":164,""3"":212},""text_width"":{""0"":49,""1"":51,""2"":43,""3"":19},""text_height"":{""0"":23,""1"":23,""2"":23,""3"":23},""text"":{""0"":""\u0938\u093f\u42a0\u092f\u093e"",""1"":""\u0938\u0939\u092f\u094b\u0917"",""2"":""\u091a\u093e\u0939\u0924\u093e"",""3"":""\u0939\u0948\u0964""},""font_size"":{""0"":18,""1"":18,""2"":18,""3"":18},""font_family"":{""0"":""Nirmala UI"",""1"":""Nirmala UI"",""2"":""Nirmala UI"",""3"":""Nirmala UI""},""font_color"":{""0"":""#525252"",""1"":""#525252"",""2"":""#525252"",""3"":""#525252""},""attrib"":{""0"":"""",""1"":"""",""2"":"""",""3"":""""},""font_family_updated"":{""0"":""Nirmala UI"",""1"":""Nirmala UI"",""2"":""Nirmala UI"",""3"":""Nirmala UI""},""font_size_updated"":{""0"":17,""1"":17,""2"":17,""3"":17}}","[{'text': 'सक्रिया', 'conf': 88, 'text_left': 154, 'text_top': 2042, 'text_width': 139, 'text_height': 67}, {'text': 'सहयोग', 'conf': 96, 'text_left': 304, 'text_top': 2042, 'text_width': 148, 'text_height': 73}, {'text': 'चाहता', 'conf': 93, 'text_left': 459, 'text_top': 2042, 'text_width': 123, 'text_height': 73}, {'text': 'है।', 'conf': 93, 'text_left': 594, 'text_top': 2042, 'text_width': 49, 'text_height': 73}]"
23,266,778,429,35,20, KRREKKK,18,Arial,#525252,,Arial,17,,"[{'text': 'KRREKKK', 'conf': 21, 'text_left': 1196, 'text_top': 2184, 'text_width': 94, 'text_height': 15}]"
24,267,799,54,123,23, Uldivarsail-4764,18,Arial,#525252,,Arial,17,"{""index"":{""0"":0,""1"":1,""2"":2,""3"":3},""xml_index"":{""0"":267,""1"":268,""2"":269,""3"":270},""text_top"":{""0"":799,""1"":802,""2"":799,""3"":802},""text_left"":{""0"":54,""1"":85,""2"":90,""3"":131},""text_width"":{""0"":31,""1"":5,""2"":41,""3"":46},""text_height"":{""0"":23,""1"":20,""2"":23,""3"":20},""text"":{""0"":""\u092a\u0940\u0935\u0940"",""1"":""\/"",""2"":""\u0935\u093e\u0908\u092c\u0940"",""3"":""\u00ad1764""},""font_size"":{""0"":18,""1"":18,""2"":18,""3"":18},""font_family"":{""0"":""Nirmala UI"",""1"":""Arial"",""2"":""Nirmala UI"",""3"":""Arial""},""font_color"":{""0"":""#525252"",""1"":""#525252"",""2"":""#525252"",""3"":""#525252""},""attrib"":{""0"":""SUPERSCRIPT"",""1"":"""",""2"":""SUPERSCRIPT"",""3"":""""},""font_family_updated"":{""0"":""Nirmala UI"",""1"":""Arial"",""2"":""Nirmala UI"",""3"":""Arial""},""font_size_updated"":{""0"":17,""1"":17,""2"":17,""3"":17}}","[{'text': 'Uldivarsail-4764', 'conf': 0, 'text_left': 154, 'text_top': 2233, 'text_width': 340, 'text_height': 60}]"
25,271,863,54,161,20, (Release ID :46942),18,Arial,#666666,,Arial,17,,"[{'text': '(Release', 'conf': 96, 'text_left': 158, 'text_top': 2418, 'text_width': 195, 'text_height': 48}, {'text': 'ID', 'conf': 92, 'text_left': 374, 'text_top': 2419, 'text_width': 42, 'text_height': 36}, {'text': ':46942)', 'conf': 84, 'text_left': 437, 'text_top': 2419, 'text_width': 164, 'text_height': 47}]"
