,index,xml_index,text_top,text_left,text_width,text_height,text,font_size,font_family,font_color,attrib,font_family_updated,font_size_updated,children,avg_line_height,level_0,word_coords
0,0,0,1422,455,12,17, 1.0,16,BCDEEE+Calibri,#000000,FOOTER,Calibri,15,,17.0,,"[{'text': '1.0', 'conf': 95.0, 'text_left': 1271, 'text_top': 3970, 'text_width': 17, 'text_height': 29}]"
0,,15,519,145,628,28, राज्य एवं अन्य ........प्रत्यर्थी,19,BCDFEE+Mangal,#000000,,Mangal,18,,28.0,,"[{'text': 'राज्य', 'conf': 96, 'text_left': 407, 'text_top': 1476, 'text_width': 112, 'text_height': 38}, {'text': 'एवं', 'conf': 95, 'text_left': 544, 'text_top': 1461, 'text_width': 66, 'text_height': 51}, {'text': 'अन्य', 'conf': 94, 'text_left': 636, 'text_top': 1475, 'text_width': 108, 'text_height': 37}, {'text': '........प्रत्यर्थी', 'conf': 63, 'text_left': 1885, 'text_top': 1461, 'text_width': 267, 'text_height': 53}]"
0,,17,668,108,210,28," अभय मनोहर, न्यायाधीश",19,"BCDHEE+Mangal,Bold",#000000,,"Mangal,Bold",18,,28.0,,"[{'text': 'अभय', 'conf': 95, 'text_left': 300, 'text_top': 1872, 'text_width': 119, 'text_height': 65}, {'text': 'मनोहर,', 'conf': 95, 'text_left': 450, 'text_top': 1876, 'text_width': 168, 'text_height': 57}, {'text': 'न्यायाधीश', 'conf': 93, 'text_left': 638, 'text_top': 1876, 'text_width': 223, 'text_height': 51}]"
0,,24,1170,108,712,224," 4. अपीलार्थी मकान नंबर £-11/75, (एसएफ), खसरा नंबर 2271/4, मालवीय नगर, खिरकी एक्सटेंशन, नई दिल्ली का मालिक है | अपीलार्थी ने इस मकान को प्रत्यर्थी   नंबर-3 (प्रत्यर्थी नंबर-3 का नाम पार्टियों के नाम से इस न्यायालय दवारा दिनांक 25.04.2019 के आदेश दवारा हटा दिया था) को मासिक किराये पर दिया था |",19,BCDFEE+Mangal,#000000,,Mangal,18,,28.0,,"[{'text': '4.', 'conf': 93, 'text_left': 306, 'text_top': 3280, 'text_width': 41, 'text_height': 41}, {'text': 'अपीलार्थी', 'conf': 88, 'text_left': 389, 'text_top': 3271, 'text_width': 196, 'text_height': 51}, {'text': 'मकान', 'conf': 95, 'text_left': 621, 'text_top': 3286, 'text_width': 134, 'text_height': 35}, {'text': 'नंबर', 'conf': 92, 'text_left': 791, 'text_top': 3271, 'text_width': 97, 'text_height': 53}, {'text': '£-11/75,', 'conf': 23, 'text_left': 928, 'text_top': 3280, 'text_width': 200, 'text_height': 49}, {'text': '(एसएफ),', 'conf': 89, 'text_left': 1173, 'text_top': 3280, 'text_width': 192, 'text_height': 53}, {'text': 'खसरा', 'conf': 95, 'text_left': 1407, 'text_top': 3286, 'text_width': 126, 'text_height': 38}, {'text': 'नंबर', 'conf': 95, 'text_left': 1568, 'text_top': 3271, 'text_width': 96, 'text_height': 53}, {'text': '2271/4,', 'conf': 95, 'text_left': 1702, 'text_top': 3280, 'text_width': 181, 'text_height': 49}, {'text': 'मालवीय', 'conf': 95, 'text_left': 1925, 'text_top': 3273, 'text_width': 178, 'text_height': 49}, {'text': 'नगर,', 'conf': 96, 'text_left': 2138, 'text_top': 3286, 'text_width': 111, 'text_height': 43}, {'text': 'खिरकी', 'conf': 96, 'text_left': 305, 'text_top': 3454, 'text_width': 145, 'text_height': 52}, {'text': 'एक्सटेंशन,', 'conf': 90, 'text_left': 486, 'text_top': 3453, 'text_width': 224, 'text_height': 58}, {'text': 'नई', 'conf': 96, 'text_left': 752, 'text_top': 3452, 'text_width': 69, 'text_height': 62}, {'text': 'दिल्ली', 'conf': 89, 'text_left': 856, 'text_top': 3454, 'text_width': 135, 'text_height': 54}, {'text': 'का', 'conf': 95, 'text_left': 1026, 'text_top': 3468, 'text_width': 59, 'text_height': 35}, {'text': 'मालिक', 'conf': 96, 'text_left': 1120, 'text_top': 3454, 'text_width': 155, 'text_height': 50}, {'text': 'है', 'conf': 96, 'text_left': 1310, 'text_top': 3453, 'text_width': 32, 'text_height': 58}, {'text': '|', 'conf': 93, 'text_left': 1383, 'text_top': 3463, 'text_width': 4, 'text_height': 52}, {'text': 'अपीलार्थी', 'conf': 90, 'text_left': 1431, 'text_top': 3453, 'text_width': 197, 'text_height': 51}, {'text': 'ने', 'conf': 96, 'text_left': 1664, 'text_top': 3454, 'text_width': 38, 'text_height': 49}, {'text': 'इस', 'conf': 96, 'text_left': 1738, 'text_top': 3468, 'text_width': 71, 'text_height': 46}, {'text': 'मकान', 'conf': 96, 'text_left': 1845, 'text_top': 3468, 'text_width': 135, 'text_height': 35}, {'text': 'को', 'conf': 96, 'text_left': 2016, 'text_top': 3454, 'text_width': 58, 'text_height': 49}, {'text': 'प्रत्यर्थी', 'conf': 95, 'text_left': 2110, 'text_top': 3453, 'text_width': 147, 'text_height': 53}, {'text': ' ', 'conf': 95, 'text_left': 1707, 'text_top': 3648, 'text_width': 550, 'text_height': 8}, {'text': 'नंबर-3', 'conf': 91, 'text_left': 305, 'text_top': 3635, 'text_width': 142, 'text_height': 53}, {'text': '(प्रत्यर्थी', 'conf': 93, 'text_left': 493, 'text_top': 3635, 'text_width': 163, 'text_height': 62}, {'text': 'नंबर-3', 'conf': 89, 'text_left': 696, 'text_top': 3635, 'text_width': 143, 'text_height': 52}, {'text': 'का', 'conf': 96, 'text_left': 882, 'text_top': 3650, 'text_width': 58, 'text_height': 35}, {'text': 'नाम', 'conf': 96, 'text_left': 980, 'text_top': 3650, 'text_width': 92, 'text_height': 35}, {'text': 'पार्टियों', 'conf': 94, 'text_left': 1112, 'text_top': 3634, 'text_width': 147, 'text_height': 51}, {'text': 'के', 'conf': 93, 'text_left': 1300, 'text_top': 3636, 'text_width': 44, 'text_height': 49}, {'text': 'नाम', 'conf': 95, 'text_left': 1383, 'text_top': 3650, 'text_width': 92, 'text_height': 35}, {'text': 'से', 'conf': 95, 'text_left': 1515, 'text_top': 3636, 'text_width': 41, 'text_height': 52}, {'text': 'इस', 'conf': 95, 'text_left': 1596, 'text_top': 3650, 'text_width': 71, 'text_height': 46}, {'text': 'न्यायालय', 'conf': 93, 'text_left': 1707, 'text_top': 3650, 'text_width': 207, 'text_height': 36}, {'text': 'दवारा', 'conf': 58, 'text_left': 1954, 'text_top': 3650, 'text_width': 119, 'text_height': 51}, {'text': 'दिनांक', 'conf': 96, 'text_left': 2113, 'text_top': 3635, 'text_width': 144, 'text_height': 55}, {'text': '25.04.2019', 'conf': 96, 'text_left': 307, 'text_top': 3826, 'text_width': 275, 'text_height': 42}, {'text': 'के', 'conf': 96, 'text_left': 612, 'text_top': 3818, 'text_width': 44, 'text_height': 49}, {'text': 'आदेश', 'conf': 96, 'text_left': 682, 'text_top': 3818, 'text_width': 128, 'text_height': 54}, {'text': 'दवारा', 'conf': 84, 'text_left': 836, 'text_top': 3832, 'text_width': 119, 'text_height': 51}, {'text': 'हटा', 'conf': 96, 'text_left': 980, 'text_top': 3832, 'text_width': 77, 'text_height': 43}, {'text': 'दिया', 'conf': 96, 'text_left': 1082, 'text_top': 3818, 'text_width': 100, 'text_height': 54}, {'text': 'था)', 'conf': 96, 'text_left': 1211, 'text_top': 3826, 'text_width': 64, 'text_height': 53}, {'text': 'को', 'conf': 96, 'text_left': 1307, 'text_top': 3818, 'text_width': 58, 'text_height': 49}, {'text': 'मासिक', 'conf': 96, 'text_left': 1390, 'text_top': 3818, 'text_width': 154, 'text_height': 52}, {'text': 'किराये', 'conf': 95, 'text_left': 1569, 'text_top': 3818, 'text_width': 138, 'text_height': 52}, {'text': 'पर', 'conf': 95, 'text_left': 1732, 'text_top': 3832, 'text_width': 59, 'text_height': 38}, {'text': 'दिया', 'conf': 95, 'text_left': 1817, 'text_top': 3818, 'text_width': 101, 'text_height': 54}, {'text': 'था', 'conf': 96, 'text_left': 1946, 'text_top': 3829, 'text_width': 51, 'text_height': 38}, {'text': '|', 'conf': 96, 'text_left': 2027, 'text_top': 3827, 'text_width': 4, 'text_height': 52}]"
0,0,0,1422,455,12,17, 2.0,16,BCDEEE+Calibri,#000000,FOOTER,Calibri,15,,17.0,,"[{'text': '2.0', 'conf': 96.0, 'text_left': 1270, 'text_top': 3970, 'text_width': 18, 'text_height': 29}]"
0,,29,1008,108,721,225," 8. 27.02.2015 के आदेश दवारा (सलंग्लक ?-2), रुपए 97,786/- के उपरोक्त बिल के मामले को रूपए 83,120/- की पूर्ण एवं अंतिम रकम हेतू निपटाया गया था | तदनुसार अपीलार्थी ने B55 को दिनांक 27.02.2015 के आदेश के तहत 3 बराबर किश्तों में रूपए 83,120/- का भुगतान किया | आदेश निम्न प्रकार से पढ़ा जाए:-",19,BCDFEE+Mangal,#000000,,Mangal,18,,28.0,,"[{'text': '8.', 'conf': 96, 'text_left': 307, 'text_top': 2831, 'text_width': 40, 'text_height': 42}, {'text': '27.02.2015', 'conf': 95, 'text_left': 381, 'text_top': 2831, 'text_width': 276, 'text_height': 42}, {'text': 'के', 'conf': 95, 'text_left': 715, 'text_top': 2823, 'text_width': 44, 'text_height': 49}, {'text': 'आदेश', 'conf': 96, 'text_left': 786, 'text_top': 2823, 'text_width': 128, 'text_height': 54}, {'text': 'दवारा', 'conf': 74, 'text_left': 941, 'text_top': 2837, 'text_width': 118, 'text_height': 51}, {'text': '(सलंग्लक', 'conf': 74, 'text_left': 1088, 'text_top': 2822, 'text_width': 202, 'text_height': 62}, {'text': '?-2),', 'conf': 73, 'text_left': 1321, 'text_top': 2831, 'text_width': 113, 'text_height': 53}, {'text': 'रुपए', 'conf': 93, 'text_left': 1466, 'text_top': 2837, 'text_width': 98, 'text_height': 36}, {'text': '97,786/-', 'conf': 92, 'text_left': 1592, 'text_top': 2831, 'text_width': 202, 'text_height': 49}, {'text': 'के', 'conf': 96, 'text_left': 1824, 'text_top': 2823, 'text_width': 44, 'text_height': 49}, {'text': 'उपरोक्त', 'conf': 84, 'text_left': 1894, 'text_top': 2823, 'text_width': 175, 'text_height': 52}, {'text': 'बिल', 'conf': 96, 'text_left': 2095, 'text_top': 2823, 'text_width': 91, 'text_height': 50}, {'text': 'के', 'conf': 96, 'text_left': 2212, 'text_top': 2823, 'text_width': 44, 'text_height': 49}, {'text': 'मामले', 'conf': 96, 'text_left': 305, 'text_top': 3005, 'text_width': 134, 'text_height': 50}, {'text': 'को', 'conf': 96, 'text_left': 468, 'text_top': 3005, 'text_width': 58, 'text_height': 49}, {'text': 'रूपए', 'conf': 93, 'text_left': 555, 'text_top': 3019, 'text_width': 101, 'text_height': 36}, {'text': '83,120/-', 'conf': 91, 'text_left': 687, 'text_top': 3013, 'text_width': 203, 'text_height': 49}, {'text': 'की', 'conf': 96, 'text_left': 922, 'text_top': 3005, 'text_width': 59, 'text_height': 49}, {'text': 'पूर्ण', 'conf': 96, 'text_left': 1009, 'text_top': 3003, 'text_width': 78, 'text_height': 72}, {'text': 'एवं', 'conf': 96, 'text_left': 1116, 'text_top': 3004, 'text_width': 66, 'text_height': 51}, {'text': 'अंतिम', 'conf': 94, 'text_left': 1213, 'text_top': 3004, 'text_width': 135, 'text_height': 53}, {'text': 'रकम', 'conf': 95, 'text_left': 1377, 'text_top': 3019, 'text_width': 109, 'text_height': 37}, {'text': 'हेतू', 'conf': 93, 'text_left': 1515, 'text_top': 3005, 'text_width': 74, 'text_height': 70}, {'text': 'निपटाया', 'conf': 92, 'text_left': 1611, 'text_top': 3005, 'text_width': 185, 'text_height': 49}, {'text': 'गया', 'conf': 96, 'text_left': 1824, 'text_top': 3019, 'text_width': 91, 'text_height': 35}, {'text': 'था', 'conf': 96, 'text_left': 1946, 'text_top': 3016, 'text_width': 52, 'text_height': 38}, {'text': '|', 'conf': 96, 'text_left': 2031, 'text_top': 3014, 'text_width': 4, 'text_height': 52}, {'text': 'तदनुसार', 'conf': 95, 'text_left': 2071, 'text_top': 3019, 'text_width': 185, 'text_height': 58}, {'text': 'अपीलार्थी', 'conf': 90, 'text_left': 305, 'text_top': 3186, 'text_width': 196, 'text_height': 51}, {'text': 'ने', 'conf': 96, 'text_left': 533, 'text_top': 3187, 'text_width': 38, 'text_height': 49}, {'text': 'B55', 'conf': 4, 'text_left': 608, 'text_top': 3195, 'text_width': 142, 'text_height': 42}, {'text': 'को', 'conf': 96, 'text_left': 788, 'text_top': 3187, 'text_width': 58, 'text_height': 49}, {'text': 'दिनांक', 'conf': 95, 'text_left': 878, 'text_top': 3186, 'text_width': 143, 'text_height': 55}, {'text': '27.02.2015', 'conf': 96, 'text_left': 1055, 'text_top': 3195, 'text_width': 276, 'text_height': 42}, {'text': 'के', 'conf': 94, 'text_left': 1367, 'text_top': 3187, 'text_width': 44, 'text_height': 49}, {'text': 'आदेश', 'conf': 95, 'text_left': 1444, 'text_top': 3187, 'text_width': 128, 'text_height': 54}, {'text': 'के', 'conf': 96, 'text_left': 1605, 'text_top': 3187, 'text_width': 44, 'text_height': 49}, {'text': 'तहत', 'conf': 96, 'text_left': 1681, 'text_top': 3201, 'text_width': 104, 'text_height': 43}, {'text': '3', 'conf': 96, 'text_left': 1820, 'text_top': 3195, 'text_width': 26, 'text_height': 42}, {'text': 'बराबर', 'conf': 96, 'text_left': 1882, 'text_top': 3201, 'text_width': 131, 'text_height': 38}, {'text': 'किश्तों', 'conf': 68, 'text_left': 2045, 'text_top': 3186, 'text_width': 137, 'text_height': 53}, {'text': 'में', 'conf': 96, 'text_left': 2214, 'text_top': 3186, 'text_width': 41, 'text_height': 50}, {'text': 'रूपए', 'conf': 90, 'text_left': 305, 'text_top': 3383, 'text_width': 101, 'text_height': 36}, {'text': '83,120/-', 'conf': 90, 'text_left': 434, 'text_top': 3377, 'text_width': 202, 'text_height': 49}, {'text': 'का', 'conf': 96, 'text_left': 665, 'text_top': 3383, 'text_width': 58, 'text_height': 35}, {'text': 'भुगतान', 'conf': 95, 'text_left': 750, 'text_top': 3380, 'text_width': 164, 'text_height': 61}, {'text': 'किया', 'conf': 96, 'text_left': 939, 'text_top': 3369, 'text_width': 113, 'text_height': 49}, {'text': '|', 'conf': 96, 'text_left': 1082, 'text_top': 3378, 'text_width': 4, 'text_height': 52}, {'text': 'आदेश', 'conf': 96, 'text_left': 1119, 'text_top': 3369, 'text_width': 128, 'text_height': 54}, {'text': 'निम्न', 'conf': 96, 'text_left': 1273, 'text_top': 3369, 'text_width': 124, 'text_height': 49}, {'text': 'प्रकार', 'conf': 96, 'text_left': 1421, 'text_top': 3383, 'text_width': 116, 'text_height': 38}, {'text': 'से', 'conf': 96, 'text_left': 1563, 'text_top': 3369, 'text_width': 41, 'text_height': 52}, {'text': 'पढ़ा', 'conf': 93, 'text_left': 1629, 'text_top': 3383, 'text_width': 80, 'text_height': 42}, {'text': 'जाए:-', 'conf': 24, 'text_left': 1735, 'text_top': 3383, 'text_width': 121, 'text_height': 36}]"
0,,42,1285,161,658,96," “इस मामले में, याचिकाकर्त्ता इस न्यायालय में दिनांक 15.12.2004 की जाँच के आधार पर रुपए 97,786/- के D7 बिल के सम्बन्ध में निपटान हेतु आए थे |",19,"BCDHEE+Mangal,Bold",#000000,,"Mangal,Bold",18,,29.0,,"[{'text': '“इस', 'conf': 70, 'text_left': 456, 'text_top': 3602, 'text_width': 88, 'text_height': 50}, {'text': 'मामले', 'conf': 96, 'text_left': 573, 'text_top': 3594, 'text_width': 134, 'text_height': 49}, {'text': 'में,', 'conf': 93, 'text_left': 737, 'text_top': 3590, 'text_width': 51, 'text_height': 59}, {'text': 'याचिकाकर्त्ता', 'conf': 84, 'text_left': 823, 'text_top': 3592, 'text_width': 255, 'text_height': 50}, {'text': 'इस', 'conf': 96, 'text_left': 1107, 'text_top': 3607, 'text_width': 71, 'text_height': 45}, {'text': 'न्यायालय', 'conf': 90, 'text_left': 1208, 'text_top': 3607, 'text_width': 208, 'text_height': 36}, {'text': 'में', 'conf': 93, 'text_left': 1445, 'text_top': 3590, 'text_width': 41, 'text_height': 52}, {'text': 'दिनांक', 'conf': 94, 'text_left': 1515, 'text_top': 3591, 'text_width': 143, 'text_height': 56}, {'text': '15.12.2004', 'conf': 95, 'text_left': 1693, 'text_top': 3602, 'text_width': 273, 'text_height': 41}, {'text': 'की', 'conf': 95, 'text_left': 1998, 'text_top': 3593, 'text_width': 59, 'text_height': 49}, {'text': 'जाँच', 'conf': 87, 'text_left': 2086, 'text_top': 3590, 'text_width': 96, 'text_height': 52}, {'text': 'के', 'conf': 96, 'text_left': 2212, 'text_top': 3594, 'text_width': 44, 'text_height': 48}, {'text': 'आधार', 'conf': 96, 'text_left': 452, 'text_top': 3786, 'text_width': 136, 'text_height': 41}, {'text': 'पर', 'conf': 96, 'text_left': 620, 'text_top': 3789, 'text_width': 59, 'text_height': 38}, {'text': 'रुपए', 'conf': 92, 'text_left': 712, 'text_top': 3789, 'text_width': 97, 'text_height': 37}, {'text': '97,786/-', 'conf': 91, 'text_left': 844, 'text_top': 3784, 'text_width': 201, 'text_height': 47}, {'text': 'के', 'conf': 96, 'text_left': 1081, 'text_top': 3776, 'text_width': 44, 'text_height': 48}, {'text': 'D7', 'conf': 85, 'text_left': 1162, 'text_top': 3784, 'text_width': 70, 'text_height': 40}, {'text': 'बिल', 'conf': 96, 'text_left': 1268, 'text_top': 3775, 'text_width': 90, 'text_height': 50}, {'text': 'के', 'conf': 96, 'text_left': 1391, 'text_top': 3776, 'text_width': 44, 'text_height': 48}, {'text': 'सम्बन्ध', 'conf': 95, 'text_left': 1467, 'text_top': 3786, 'text_width': 171, 'text_height': 41}, {'text': 'में', 'conf': 96, 'text_left': 1670, 'text_top': 3772, 'text_width': 41, 'text_height': 52}, {'text': 'निपटान', 'conf': 96, 'text_left': 1743, 'text_top': 3775, 'text_width': 170, 'text_height': 49}, {'text': 'हेतु', 'conf': 96, 'text_left': 1945, 'text_top': 3776, 'text_width': 68, 'text_height': 70}, {'text': 'आए', 'conf': 95, 'text_left': 2045, 'text_top': 3788, 'text_width': 90, 'text_height': 37}, {'text': 'थे', 'conf': 96, 'text_left': 2170, 'text_top': 3776, 'text_width': 38, 'text_height': 48}, {'text': '|', 'conf': 96, 'text_left': 2243, 'text_top': 3785, 'text_width': 7, 'text_height': 50}]"
0,0,0,1422,455,12,17, 3.0,16,BCDEEE+Calibri,#000000,FOOTER,Calibri,15,,17.0,,"[{'text': '3.0', 'conf': 92.0, 'text_left': 1269, 'text_top': 3969, 'text_width': 19, 'text_height': 30}]"
0,,24,1125,161,659,224, यह भी माना गया कि पहली दो किश्‍श्तें जमा करने के बाद याचिकाकर्त्ता के द्वारा नए कनेक्शन के निर्मोचन हेतु अनुरोध जल्दी एवं तत्काल पूरा किया जायेगा और नया कनेक्शन दूसरी किश्त के जमा करने की तारीख से एक सप्ताह के भीतर इस शर्त पर निर्मोचित किया जाएगा जिसमें संबंधित औपचारिकताओं के,19,"BCDHEE+Mangal,Bold",#000000,,"Mangal,Bold",18,,29.0,,"[{'text': 'यह', 'conf': 96, 'text_left': 605, 'text_top': 3160, 'text_width': 67, 'text_height': 43}, {'text': 'भी', 'conf': 95, 'text_left': 702, 'text_top': 3146, 'text_width': 53, 'text_height': 49}, {'text': 'माना', 'conf': 96, 'text_left': 782, 'text_top': 3160, 'text_width': 107, 'text_height': 35}, {'text': 'गया', 'conf': 96, 'text_left': 916, 'text_top': 3160, 'text_width': 91, 'text_height': 35}, {'text': 'कि', 'conf': 94, 'text_left': 1034, 'text_top': 3146, 'text_width': 61, 'text_height': 49}, {'text': 'पहली', 'conf': 95, 'text_left': 1122, 'text_top': 3146, 'text_width': 118, 'text_height': 57}, {'text': 'दो', 'conf': 93, 'text_left': 1267, 'text_top': 3146, 'text_width': 47, 'text_height': 54}, {'text': 'किश्\u200dश्तें', 'conf': 45, 'text_left': 1343, 'text_top': 3143, 'text_width': 122, 'text_height': 55}, {'text': 'जमा', 'conf': 96, 'text_left': 1493, 'text_top': 3160, 'text_width': 98, 'text_height': 35}, {'text': 'करने', 'conf': 96, 'text_left': 1618, 'text_top': 3147, 'text_width': 106, 'text_height': 51}, {'text': 'के', 'conf': 96, 'text_left': 1752, 'text_top': 3147, 'text_width': 44, 'text_height': 48}, {'text': 'बाद', 'conf': 93, 'text_left': 1823, 'text_top': 3160, 'text_width': 79, 'text_height': 39}, {'text': 'याचिकाकर्त्ता', 'conf': 88, 'text_left': 1930, 'text_top': 3145, 'text_width': 254, 'text_height': 50}, {'text': 'के', 'conf': 95, 'text_left': 2212, 'text_top': 3147, 'text_width': 44, 'text_height': 48}, {'text': 'द्वारा', 'conf': 92, 'text_left': 452, 'text_top': 3342, 'text_width': 119, 'text_height': 53}, {'text': 'नए', 'conf': 96, 'text_left': 611, 'text_top': 3342, 'text_width': 70, 'text_height': 36}, {'text': 'कनेक्शन', 'conf': 89, 'text_left': 722, 'text_top': 3329, 'text_width': 190, 'text_height': 50}, {'text': 'के', 'conf': 92, 'text_left': 953, 'text_top': 3329, 'text_width': 44, 'text_height': 48}, {'text': 'निर्मोचन', 'conf': 59, 'text_left': 1036, 'text_top': 3327, 'text_width': 185, 'text_height': 50}, {'text': 'हेतु', 'conf': 95, 'text_left': 1260, 'text_top': 3329, 'text_width': 68, 'text_height': 70}, {'text': 'अनुरोध', 'conf': 96, 'text_left': 1368, 'text_top': 3328, 'text_width': 159, 'text_height': 71}, {'text': 'जल्दी', 'conf': 93, 'text_left': 1566, 'text_top': 3328, 'text_width': 121, 'text_height': 54}, {'text': 'एवं', 'conf': 96, 'text_left': 1726, 'text_top': 3326, 'text_width': 67, 'text_height': 52}, {'text': 'तत्काल', 'conf': 94, 'text_left': 1833, 'text_top': 3342, 'text_width': 158, 'text_height': 38}, {'text': 'पूरा', 'conf': 96, 'text_left': 2031, 'text_top': 3342, 'text_width': 74, 'text_height': 55}, {'text': 'किया', 'conf': 96, 'text_left': 2144, 'text_top': 3328, 'text_width': 112, 'text_height': 49}, {'text': 'जायेगा', 'conf': 95, 'text_left': 452, 'text_top': 3511, 'text_width': 147, 'text_height': 48}, {'text': 'और', 'conf': 95, 'text_left': 626, 'text_top': 3508, 'text_width': 84, 'text_height': 54}, {'text': 'नया', 'conf': 96, 'text_left': 737, 'text_top': 3524, 'text_width': 89, 'text_height': 35}, {'text': 'कनेक्शन', 'conf': 85, 'text_left': 854, 'text_top': 3511, 'text_width': 191, 'text_height': 50}, {'text': 'दूसरी', 'conf': 93, 'text_left': 1072, 'text_top': 3510, 'text_width': 112, 'text_height': 69}, {'text': 'किश्त', 'conf': 72, 'text_left': 1211, 'text_top': 3510, 'text_width': 122, 'text_height': 52}, {'text': 'के', 'conf': 95, 'text_left': 1360, 'text_top': 3511, 'text_width': 44, 'text_height': 48}, {'text': 'जमा', 'conf': 96, 'text_left': 1432, 'text_top': 3524, 'text_width': 97, 'text_height': 35}, {'text': 'करने', 'conf': 96, 'text_left': 1557, 'text_top': 3511, 'text_width': 105, 'text_height': 51}, {'text': 'की', 'conf': 96, 'text_left': 1690, 'text_top': 3510, 'text_width': 58, 'text_height': 49}, {'text': 'तारीख', 'conf': 96, 'text_left': 1775, 'text_top': 3510, 'text_width': 137, 'text_height': 52}, {'text': 'से', 'conf': 95, 'text_left': 1939, 'text_top': 3511, 'text_width': 41, 'text_height': 51}, {'text': 'एक', 'conf': 96, 'text_left': 2008, 'text_top': 3524, 'text_width': 76, 'text_height': 36}, {'text': 'सप्ताह', 'conf': 95, 'text_left': 2111, 'text_top': 3524, 'text_width': 145, 'text_height': 43}, {'text': 'के', 'conf': 96, 'text_left': 452, 'text_top': 3692, 'text_width': 44, 'text_height': 48}, {'text': 'भीतर', 'conf': 96, 'text_left': 525, 'text_top': 3691, 'text_width': 115, 'text_height': 52}, {'text': 'इस', 'conf': 95, 'text_left': 667, 'text_top': 3705, 'text_width': 70, 'text_height': 45}, {'text': 'शर्त', 'conf': 95, 'text_left': 766, 'text_top': 3690, 'text_width': 76, 'text_height': 53}, {'text': 'पर', 'conf': 92, 'text_left': 868, 'text_top': 3705, 'text_width': 60, 'text_height': 38}, {'text': 'निर्मोचित', 'conf': 46, 'text_left': 955, 'text_top': 3690, 'text_width': 200, 'text_height': 53}, {'text': 'किया', 'conf': 95, 'text_left': 1182, 'text_top': 3691, 'text_width': 112, 'text_height': 49}, {'text': 'जाएगा', 'conf': 95, 'text_left': 1321, 'text_top': 3705, 'text_width': 142, 'text_height': 36}, {'text': 'जिसमें', 'conf': 95, 'text_left': 1490, 'text_top': 3688, 'text_width': 140, 'text_height': 55}, {'text': 'संबंधित', 'conf': 93, 'text_left': 1658, 'text_top': 3689, 'text_width': 165, 'text_height': 54}, {'text': 'औपचारिकताओं', 'conf': 88, 'text_left': 1850, 'text_top': 3689, 'text_width': 335, 'text_height': 54}, {'text': 'के', 'conf': 96, 'text_left': 2212, 'text_top': 3692, 'text_width': 44, 'text_height': 48}]"
0,0,0,1422,455,12,17, 4.0,16,BCDEEE+Calibri,#000000,FOOTER,Calibri,15,,17.0,,"[{'text': '4.0', 'conf': 96.0, 'text_left': 1268, 'text_top': 3970, 'text_width': 21, 'text_height': 29}]"
0,,3,258,161,659,226," इस आदेश के साथ पार्टियों के बीच विवाद मित्रतापूर्ण निपटाया गया | कथित निपटान बिना किसी दबाव, जबरदस्ती या अनुचित प्रभाव के दर्ज किया गया | पार्टियों को इस निपटान के आदेश पर हस्ताक्षर करने हेतु निर्देश दिया जाता हैं | इस आदेश की एक प्रतिलिपि पार्टियों को अनुपालन हेतु दी जाये |”",19,"BCDHEE+Mangal,Bold",#000000,,"Mangal,Bold",18,,30.0,,"[{'text': 'इस', 'conf': 96, 'text_left': 605, 'text_top': 751, 'text_width': 70, 'text_height': 45}, {'text': 'आदेश', 'conf': 95, 'text_left': 712, 'text_top': 738, 'text_width': 129, 'text_height': 53}, {'text': 'के', 'conf': 96, 'text_left': 877, 'text_top': 738, 'text_width': 44, 'text_height': 48}, {'text': 'साथ', 'conf': 96, 'text_left': 958, 'text_top': 749, 'text_width': 93, 'text_height': 40}, {'text': 'पार्टियों', 'conf': 95, 'text_left': 1088, 'text_top': 735, 'text_width': 147, 'text_height': 51}, {'text': 'के', 'conf': 95, 'text_left': 1271, 'text_top': 738, 'text_width': 44, 'text_height': 48}, {'text': 'बीच', 'conf': 96, 'text_left': 1352, 'text_top': 737, 'text_width': 86, 'text_height': 49}, {'text': 'विवाद', 'conf': 93, 'text_left': 1474, 'text_top': 737, 'text_width': 130, 'text_height': 54}, {'text': 'मित्रतापूर्ण', 'conf': 85, 'text_left': 1640, 'text_top': 736, 'text_width': 216, 'text_height': 71}, {'text': 'निपटाया', 'conf': 92, 'text_left': 1892, 'text_top': 737, 'text_width': 185, 'text_height': 49}, {'text': 'गया', 'conf': 96, 'text_left': 2113, 'text_top': 751, 'text_width': 91, 'text_height': 35}, {'text': '|', 'conf': 96, 'text_left': 2206, 'text_top': 731, 'text_width': 40, 'text_height': 80}, {'text': 'कथित', 'conf': 94, 'text_left': 452, 'text_top': 919, 'text_width': 135, 'text_height': 52}, {'text': 'निपटान', 'conf': 94, 'text_left': 620, 'text_top': 919, 'text_width': 170, 'text_height': 49}, {'text': 'बिना', 'conf': 95, 'text_left': 823, 'text_top': 919, 'text_width': 102, 'text_height': 49}, {'text': 'किसी', 'conf': 95, 'text_left': 959, 'text_top': 919, 'text_width': 114, 'text_height': 52}, {'text': 'दबाव,', 'conf': 96, 'text_left': 1106, 'text_top': 933, 'text_width': 122, 'text_height': 42}, {'text': 'जबरदस्ती', 'conf': 94, 'text_left': 1267, 'text_top': 919, 'text_width': 215, 'text_height': 54}, {'text': 'या', 'conf': 96, 'text_left': 1515, 'text_top': 933, 'text_width': 52, 'text_height': 35}, {'text': 'अनुचित', 'conf': 96, 'text_left': 1600, 'text_top': 919, 'text_width': 172, 'text_height': 72}, {'text': 'प्रभाव', 'conf': 96, 'text_left': 1805, 'text_top': 931, 'text_width': 120, 'text_height': 37}, {'text': 'के', 'conf': 96, 'text_left': 1959, 'text_top': 920, 'text_width': 44, 'text_height': 48}, {'text': 'दर्ज', 'conf': 95, 'text_left': 2036, 'text_top': 918, 'text_width': 75, 'text_height': 54}, {'text': 'किया', 'conf': 95, 'text_left': 2144, 'text_top': 919, 'text_width': 112, 'text_height': 49}, {'text': 'गया', 'conf': 96, 'text_left': 452, 'text_top': 1115, 'text_width': 90, 'text_height': 35}, {'text': '|', 'conf': 96, 'text_left': 580, 'text_top': 1111, 'text_width': 7, 'text_height': 50}, {'text': 'पार्टियों', 'conf': 95, 'text_left': 626, 'text_top': 1099, 'text_width': 147, 'text_height': 51}, {'text': 'को', 'conf': 96, 'text_left': 807, 'text_top': 1101, 'text_width': 58, 'text_height': 49}, {'text': 'इस', 'conf': 96, 'text_left': 899, 'text_top': 1115, 'text_width': 71, 'text_height': 45}, {'text': 'निपटान', 'conf': 96, 'text_left': 1004, 'text_top': 1101, 'text_width': 169, 'text_height': 49}, {'text': 'के', 'conf': 96, 'text_left': 1207, 'text_top': 1102, 'text_width': 44, 'text_height': 48}, {'text': 'आदेश', 'conf': 94, 'text_left': 1285, 'text_top': 1102, 'text_width': 128, 'text_height': 53}, {'text': 'पर', 'conf': 95, 'text_left': 1448, 'text_top': 1115, 'text_width': 59, 'text_height': 38}, {'text': 'हस्ताक्षर', 'conf': 93, 'text_left': 1541, 'text_top': 1114, 'text_width': 180, 'text_height': 44}, {'text': 'करने', 'conf': 96, 'text_left': 1755, 'text_top': 1102, 'text_width': 106, 'text_height': 51}, {'text': 'हेतु', 'conf': 95, 'text_left': 1895, 'text_top': 1102, 'text_width': 68, 'text_height': 71}, {'text': 'निर्देश', 'conf': 96, 'text_left': 1996, 'text_top': 1100, 'text_width': 126, 'text_height': 55}, {'text': 'दिया', 'conf': 96, 'text_left': 2156, 'text_top': 1101, 'text_width': 100, 'text_height': 54}, {'text': 'जाता', 'conf': 96, 'text_left': 452, 'text_top': 1297, 'text_width': 108, 'text_height': 38}, {'text': 'हैं', 'conf': 96, 'text_left': 586, 'text_top': 1281, 'text_width': 31, 'text_height': 59}, {'text': '|', 'conf': 96, 'text_left': 646, 'text_top': 1293, 'text_width': 7, 'text_height': 50}, {'text': 'इस', 'conf': 96, 'text_left': 684, 'text_top': 1297, 'text_width': 71, 'text_height': 45}, {'text': 'आदेश', 'conf': 94, 'text_left': 781, 'text_top': 1284, 'text_width': 128, 'text_height': 53}, {'text': 'की', 'conf': 96, 'text_left': 936, 'text_top': 1283, 'text_width': 58, 'text_height': 49}, {'text': 'एक', 'conf': 96, 'text_left': 1019, 'text_top': 1297, 'text_width': 77, 'text_height': 36}, {'text': 'प्रतिलिपि', 'conf': 60, 'text_left': 1121, 'text_top': 1283, 'text_width': 193, 'text_height': 52}, {'text': 'पार्टियों', 'conf': 95, 'text_left': 1339, 'text_top': 1281, 'text_width': 148, 'text_height': 51}, {'text': 'को', 'conf': 96, 'text_left': 1512, 'text_top': 1283, 'text_width': 58, 'text_height': 49}, {'text': 'अनुपालन', 'conf': 96, 'text_left': 1596, 'text_top': 1296, 'text_width': 203, 'text_height': 59}, {'text': 'हेतु', 'conf': 95, 'text_left': 1824, 'text_top': 1284, 'text_width': 68, 'text_height': 71}, {'text': 'दी', 'conf': 96, 'text_left': 1918, 'text_top': 1283, 'text_width': 47, 'text_height': 54}, {'text': 'जाये', 'conf': 96, 'text_left': 1990, 'text_top': 1284, 'text_width': 94, 'text_height': 48}, {'text': '|”', 'conf': 91, 'text_left': 2114, 'text_top': 1293, 'text_width': 29, 'text_height': 50}]"
0,,20,1249,108,712,128,"   14. हमारे मत अनुसार, जब देय रकम की वसूली से संबंधित विवाद एक बार पूर्ण रूप   से पार्टियों (अपीलार्थी और BSS) के बीच लोक अदालत में दिनांक 27.02.2015 के निर्णय में समस्त दावे के पूर्ण एवं अंतिम प्रतिफल दवारा मैत्रीपूर्ण निपटाया जा चुका था,",19,BCDFEE+Mangal,#000000,,Mangal,18,,29.0,,"[{'text': ' ', 'conf': 95, 'text_left': 553, 'text_top': 3504, 'text_width': 624, 'text_height': 4}, {'text': '14.', 'conf': 96, 'text_left': 311, 'text_top': 3498, 'text_width': 67, 'text_height': 41}, {'text': 'हमारे', 'conf': 95, 'text_left': 413, 'text_top': 3490, 'text_width': 110, 'text_height': 57}, {'text': 'मत', 'conf': 96, 'text_left': 553, 'text_top': 3504, 'text_width': 77, 'text_height': 38}, {'text': 'अनुसार,', 'conf': 96, 'text_left': 660, 'text_top': 3503, 'text_width': 169, 'text_height': 59}, {'text': 'जब', 'conf': 96, 'text_left': 864, 'text_top': 3504, 'text_width': 76, 'text_height': 35}, {'text': 'देय', 'conf': 96, 'text_left': 969, 'text_top': 3490, 'text_width': 69, 'text_height': 54}, {'text': 'रकम', 'conf': 95, 'text_left': 1068, 'text_top': 3504, 'text_width': 109, 'text_height': 38}, {'text': 'की', 'conf': 96, 'text_left': 1206, 'text_top': 3490, 'text_width': 58, 'text_height': 49}, {'text': 'वसूली', 'conf': 96, 'text_left': 1294, 'text_top': 3490, 'text_width': 127, 'text_height': 69}, {'text': 'से', 'conf': 96, 'text_left': 1450, 'text_top': 3490, 'text_width': 41, 'text_height': 52}, {'text': 'संबंधित', 'conf': 96, 'text_left': 1520, 'text_top': 3489, 'text_width': 165, 'text_height': 53}, {'text': 'विवाद', 'conf': 96, 'text_left': 1714, 'text_top': 3490, 'text_width': 129, 'text_height': 54}, {'text': 'एक', 'conf': 96, 'text_left': 1872, 'text_top': 3504, 'text_width': 77, 'text_height': 36}, {'text': 'बार', 'conf': 96, 'text_left': 1977, 'text_top': 3504, 'text_width': 74, 'text_height': 38}, {'text': 'पूर्ण', 'conf': 96, 'text_left': 2080, 'text_top': 3488, 'text_width': 78, 'text_height': 71}, {'text': 'रूप', 'conf': 95, 'text_left': 2187, 'text_top': 3504, 'text_width': 69, 'text_height': 36}, {'text': ' ', 'conf': 95, 'text_left': 1321, 'text_top': 3641, 'text_width': 544, 'text_height': 4}, {'text': 'से', 'conf': 95, 'text_left': 305, 'text_top': 3627, 'text_width': 41, 'text_height': 52}, {'text': 'पार्टियों', 'conf': 93, 'text_left': 378, 'text_top': 3625, 'text_width': 147, 'text_height': 51}, {'text': '(अपीलार्थी', 'conf': 88, 'text_left': 561, 'text_top': 3626, 'text_width': 212, 'text_height': 62}, {'text': 'और', 'conf': 96, 'text_left': 806, 'text_top': 3626, 'text_width': 84, 'text_height': 52}, {'text': 'BSS)', 'conf': 0, 'text_left': 926, 'text_top': 3635, 'text_width': 161, 'text_height': 53}, {'text': 'के', 'conf': 96, 'text_left': 1125, 'text_top': 3627, 'text_width': 44, 'text_height': 49}, {'text': 'बीच', 'conf': 96, 'text_left': 1201, 'text_top': 3629, 'text_width': 87, 'text_height': 47}, {'text': 'लोक', 'conf': 95, 'text_left': 1321, 'text_top': 3627, 'text_width': 98, 'text_height': 50}, {'text': 'अदालत', 'conf': 96, 'text_left': 1451, 'text_top': 3640, 'text_width': 165, 'text_height': 41}, {'text': 'में', 'conf': 95, 'text_left': 1648, 'text_top': 3626, 'text_width': 41, 'text_height': 50}, {'text': 'दिनांक', 'conf': 96, 'text_left': 1721, 'text_top': 3626, 'text_width': 144, 'text_height': 55}, {'text': '27.02.2015', 'conf': 95, 'text_left': 1899, 'text_top': 3635, 'text_width': 277, 'text_height': 42}, {'text': 'के', 'conf': 96, 'text_left': 2212, 'text_top': 3627, 'text_width': 44, 'text_height': 49}, {'text': 'निर्णय', 'conf': 94, 'text_left': 305, 'text_top': 3761, 'text_width': 134, 'text_height': 51}, {'text': 'में', 'conf': 96, 'text_left': 466, 'text_top': 3762, 'text_width': 41, 'text_height': 50}, {'text': 'समस्त', 'conf': 93, 'text_left': 533, 'text_top': 3777, 'text_width': 148, 'text_height': 38}, {'text': 'दावे', 'conf': 96, 'text_left': 707, 'text_top': 3763, 'text_width': 79, 'text_height': 54}, {'text': 'के', 'conf': 95, 'text_left': 813, 'text_top': 3763, 'text_width': 44, 'text_height': 49}, {'text': 'पूर्ण', 'conf': 96, 'text_left': 883, 'text_top': 3761, 'text_width': 78, 'text_height': 71}, {'text': 'एवं', 'conf': 96, 'text_left': 986, 'text_top': 3762, 'text_width': 67, 'text_height': 51}, {'text': 'अंतिम', 'conf': 96, 'text_left': 1080, 'text_top': 3762, 'text_width': 136, 'text_height': 53}, {'text': 'प्रतिफल', 'conf': 96, 'text_left': 1242, 'text_top': 3763, 'text_width': 169, 'text_height': 52}, {'text': 'दवारा', 'conf': 48, 'text_left': 1437, 'text_top': 3777, 'text_width': 119, 'text_height': 51}, {'text': 'मैत्रीपूर्ण', 'conf': 92, 'text_left': 1582, 'text_top': 3761, 'text_width': 163, 'text_height': 71}, {'text': 'निपटाया', 'conf': 90, 'text_left': 1770, 'text_top': 3763, 'text_width': 185, 'text_height': 49}, {'text': 'जा', 'conf': 96, 'text_left': 1981, 'text_top': 3777, 'text_width': 58, 'text_height': 35}, {'text': 'चुका', 'conf': 96, 'text_left': 2065, 'text_top': 3777, 'text_width': 96, 'text_height': 58}, {'text': 'था,', 'conf': 96, 'text_left': 2190, 'text_top': 3774, 'text_width': 60, 'text_height': 46}]"
0,0,0,1422,455,12,17, 5.0,16,BCDEEE+Calibri,#000000,FOOTER,Calibri,15,,17.0,,"[{'text': '5.0', 'conf': 96.0, 'text_left': 1269, 'text_top': 3970, 'text_width': 19, 'text_height': 29}]"
0,,3,225,108,712,77,"   15. ऐसे मामले में जहाँ पक्षकार निर्णय से व्यथित थे, उनके पास उपाय था कि वह निर्णय को उचित फोरम में चुनौती दे | हाँलाकि, यहाँ ऐसा मामला नहीं है | (देखें-",19,BCDFEE+Mangal,#000000,,Mangal,18,,28.0,,"[{'text': ' ', 'conf': 95, 'text_left': 523, 'text_top': 661, 'text_width': 522, 'text_height': 4}, {'text': '15.', 'conf': 96, 'text_left': 311, 'text_top': 655, 'text_width': 67, 'text_height': 42}, {'text': 'ऐसे', 'conf': 95, 'text_left': 417, 'text_top': 647, 'text_width': 73, 'text_height': 52}, {'text': 'मामले', 'conf': 95, 'text_left': 523, 'text_top': 647, 'text_width': 135, 'text_height': 50}, {'text': 'में', 'conf': 95, 'text_left': 691, 'text_top': 646, 'text_width': 41, 'text_height': 50}, {'text': 'जहाँ', 'conf': 96, 'text_left': 766, 'text_top': 645, 'text_width': 88, 'text_height': 59}, {'text': 'पक्षकार', 'conf': 95, 'text_left': 886, 'text_top': 660, 'text_width': 159, 'text_height': 39}, {'text': 'निर्णय', 'conf': 95, 'text_left': 1078, 'text_top': 645, 'text_width': 136, 'text_height': 51}, {'text': 'से', 'conf': 96, 'text_left': 1247, 'text_top': 647, 'text_width': 41, 'text_height': 52}, {'text': 'व्यथित', 'conf': 95, 'text_left': 1321, 'text_top': 647, 'text_width': 153, 'text_height': 52}, {'text': 'थे,', 'conf': 95, 'text_left': 1510, 'text_top': 647, 'text_width': 46, 'text_height': 57}, {'text': 'उनके', 'conf': 96, 'text_left': 1596, 'text_top': 647, 'text_width': 112, 'text_height': 50}, {'text': 'पास', 'conf': 96, 'text_left': 1740, 'text_top': 661, 'text_width': 89, 'text_height': 38}, {'text': 'उपाय', 'conf': 94, 'text_left': 1863, 'text_top': 661, 'text_width': 115, 'text_height': 36}, {'text': 'था', 'conf': 96, 'text_left': 2015, 'text_top': 658, 'text_width': 51, 'text_height': 38}, {'text': 'कि', 'conf': 94, 'text_left': 2099, 'text_top': 647, 'text_width': 61, 'text_height': 49}, {'text': 'वह', 'conf': 96, 'text_left': 2193, 'text_top': 661, 'text_width': 63, 'text_height': 43}, {'text': 'निर्णय', 'conf': 95, 'text_left': 305, 'text_top': 782, 'text_width': 134, 'text_height': 51}, {'text': 'को', 'conf': 96, 'text_left': 476, 'text_top': 784, 'text_width': 58, 'text_height': 49}, {'text': 'उचित', 'conf': 96, 'text_left': 570, 'text_top': 784, 'text_width': 124, 'text_height': 52}, {'text': 'फोरम', 'conf': 96, 'text_left': 731, 'text_top': 784, 'text_width': 123, 'text_height': 52}, {'text': 'में', 'conf': 96, 'text_left': 890, 'text_top': 783, 'text_width': 41, 'text_height': 50}, {'text': 'चुनौती', 'conf': 96, 'text_left': 967, 'text_top': 783, 'text_width': 141, 'text_height': 72}, {'text': 'दे', 'conf': 96, 'text_left': 1144, 'text_top': 784, 'text_width': 33, 'text_height': 54}, {'text': '|', 'conf': 93, 'text_left': 1218, 'text_top': 793, 'text_width': 4, 'text_height': 52}, {'text': 'हाँलाकि,', 'conf': 91, 'text_left': 1266, 'text_top': 782, 'text_width': 167, 'text_height': 59}, {'text': 'यहाँ', 'conf': 96, 'text_left': 1476, 'text_top': 782, 'text_width': 82, 'text_height': 59}, {'text': 'ऐसा', 'conf': 96, 'text_left': 1594, 'text_top': 784, 'text_width': 88, 'text_height': 52}, {'text': 'मामला', 'conf': 96, 'text_left': 1718, 'text_top': 798, 'text_width': 149, 'text_height': 36}, {'text': 'नहीं', 'conf': 95, 'text_left': 1902, 'text_top': 783, 'text_width': 83, 'text_height': 58}, {'text': 'है', 'conf': 96, 'text_left': 2020, 'text_top': 783, 'text_width': 33, 'text_height': 58}, {'text': '|', 'conf': 93, 'text_left': 2094, 'text_top': 793, 'text_width': 4, 'text_height': 52}, {'text': '(देखें-', 'conf': 92, 'text_left': 2144, 'text_top': 781, 'text_width': 109, 'text_height': 64}]"
0,,7,323,108,712,127," State of Punjab & Ans. v/s Jalour Singh & Ors., (2008) 2 SSC 660 और Bhargavi Constructions & Anr. v/s Kothakapu Muthyam Reddy & Ors. (2018) 13 SCC 480)",19,"BCDHEE+Mangal,Bold",#000000,,"Mangal,Bold",18,,28.0,,"[{'text': 'State', 'conf': 96, 'text_left': 308, 'text_top': 928, 'text_width': 131, 'text_height': 42}, {'text': 'of', 'conf': 96, 'text_left': 471, 'text_top': 929, 'text_width': 49, 'text_height': 41}, {'text': 'Punjab', 'conf': 93, 'text_left': 551, 'text_top': 929, 'text_width': 175, 'text_height': 51}, {'text': '&', 'conf': 93, 'text_left': 760, 'text_top': 929, 'text_width': 32, 'text_height': 41}, {'text': 'Ans.', 'conf': 96, 'text_left': 822, 'text_top': 929, 'text_width': 112, 'text_height': 41}, {'text': 'v/s', 'conf': 91, 'text_left': 967, 'text_top': 930, 'text_width': 71, 'text_height': 40}, {'text': 'Jalour', 'conf': 90, 'text_left': 1070, 'text_top': 929, 'text_width': 158, 'text_height': 41}, {'text': 'Singh', 'conf': 90, 'text_left': 1259, 'text_top': 928, 'text_width': 143, 'text_height': 52}, {'text': '&', 'conf': 90, 'text_left': 1437, 'text_top': 929, 'text_width': 32, 'text_height': 41}, {'text': 'Ors.,', 'conf': 92, 'text_left': 1503, 'text_top': 928, 'text_width': 118, 'text_height': 48}, {'text': '(2008)', 'conf': 96, 'text_left': 1654, 'text_top': 929, 'text_width': 159, 'text_height': 51}, {'text': '2', 'conf': 96, 'text_left': 1845, 'text_top': 929, 'text_width': 27, 'text_height': 40}, {'text': 'SSC', 'conf': 96, 'text_left': 1904, 'text_top': 928, 'text_width': 113, 'text_height': 42}, {'text': '660', 'conf': 95, 'text_left': 2051, 'text_top': 929, 'text_width': 89, 'text_height': 41}, {'text': 'और', 'conf': 93, 'text_left': 2172, 'text_top': 918, 'text_width': 84, 'text_height': 54}, {'text': 'Bhargavi', 'conf': 90, 'text_left': 310, 'text_top': 1066, 'text_width': 223, 'text_height': 51}, {'text': 'Constructions', 'conf': 93, 'text_left': 573, 'text_top': 1065, 'text_width': 353, 'text_height': 42}, {'text': '&', 'conf': 90, 'text_left': 965, 'text_top': 1066, 'text_width': 32, 'text_height': 41}, {'text': 'Anr.', 'conf': 91, 'text_left': 1034, 'text_top': 1066, 'text_width': 103, 'text_height': 40}, {'text': 'v/s', 'conf': 85, 'text_left': 1176, 'text_top': 1067, 'text_width': 70, 'text_height': 40}, {'text': 'Kothakapu', 'conf': 91, 'text_left': 1288, 'text_top': 1066, 'text_width': 269, 'text_height': 50}, {'text': 'Muthyam', 'conf': 91, 'text_left': 1601, 'text_top': 1066, 'text_width': 229, 'text_height': 51}, {'text': 'Reddy', 'conf': 92, 'text_left': 1876, 'text_top': 1066, 'text_width': 162, 'text_height': 51}, {'text': '&', 'conf': 93, 'text_left': 2075, 'text_top': 1066, 'text_width': 33, 'text_height': 41}, {'text': 'Ors.', 'conf': 96, 'text_left': 2148, 'text_top': 1065, 'text_width': 103, 'text_height': 42}, {'text': '(2018)', 'conf': 96, 'text_left': 307, 'text_top': 1202, 'text_width': 158, 'text_height': 51}, {'text': '13', 'conf': 96, 'text_left': 499, 'text_top': 1202, 'text_width': 55, 'text_height': 41}, {'text': 'SCC', 'conf': 90, 'text_left': 586, 'text_top': 1201, 'text_width': 115, 'text_height': 42}, {'text': '480)', 'conf': 96, 'text_left': 733, 'text_top': 1201, 'text_width': 108, 'text_height': 53}]"
0,,28,1007,108,712,323," 18. हम यह भी देखते हैं कि निर्णय में ऐसी कोई शर्त नहीं है जिससें 85S को अपीलार्थी के विरुद्द, विवाद के निपटान और प्रश्‍नगत मांग के संबंध में निर्णय पारित करने के बावजूद, बिजली अधिनियम के तहत ₹।R दर्ज करने में अधिकार मिले | वहीं दूसरी तरफ निर्णय में दी गयी शर्तें स्पष्ट रूप से दर्शाती हैं कि प्रश्‍नगत मांग का विवाद पूर्ण एवं अन्तिम संतुष्टि से निपटाया जा चुका है | इसमें कोई विवाद नहीं है कि बिजली अधिनियम की धारा 152 अधिकारी को बिजली अधिनियम के तहत दण्डों के शमन हेतु सशक्त करती है |",19,BCDFEE+Mangal,#000000,,Mangal,18,,28.0,,"[{'text': '18.', 'conf': 96, 'text_left': 311, 'text_top': 2827, 'text_width': 67, 'text_height': 42}, {'text': 'हम', 'conf': 96, 'text_left': 420, 'text_top': 2833, 'text_width': 71, 'text_height': 43}, {'text': 'यह', 'conf': 96, 'text_left': 527, 'text_top': 2833, 'text_width': 68, 'text_height': 43}, {'text': 'भी', 'conf': 96, 'text_left': 633, 'text_top': 2821, 'text_width': 54, 'text_height': 47}, {'text': 'देखते', 'conf': 96, 'text_left': 723, 'text_top': 2819, 'text_width': 114, 'text_height': 54}, {'text': 'हैं', 'conf': 96, 'text_left': 873, 'text_top': 2818, 'text_width': 31, 'text_height': 58}, {'text': 'कि', 'conf': 96, 'text_left': 941, 'text_top': 2819, 'text_width': 60, 'text_height': 49}, {'text': 'निर्णय', 'conf': 95, 'text_left': 1037, 'text_top': 2817, 'text_width': 135, 'text_height': 51}, {'text': 'में', 'conf': 96, 'text_left': 1209, 'text_top': 2818, 'text_width': 41, 'text_height': 50}, {'text': 'ऐसी', 'conf': 96, 'text_left': 1286, 'text_top': 2819, 'text_width': 88, 'text_height': 52}, {'text': 'कोई', 'conf': 96, 'text_left': 1410, 'text_top': 2817, 'text_width': 88, 'text_height': 62}, {'text': 'शर्त', 'conf': 94, 'text_left': 1537, 'text_top': 2817, 'text_width': 74, 'text_height': 54}, {'text': 'नहीं', 'conf': 95, 'text_left': 1647, 'text_top': 2818, 'text_width': 83, 'text_height': 58}, {'text': 'है', 'conf': 93, 'text_left': 1765, 'text_top': 2818, 'text_width': 32, 'text_height': 58}, {'text': 'जिससें', 'conf': 88, 'text_left': 1833, 'text_top': 2818, 'text_width': 140, 'text_height': 53}, {'text': '85S', 'conf': 21, 'text_left': 2015, 'text_top': 2827, 'text_width': 142, 'text_height': 42}, {'text': 'को', 'conf': 96, 'text_left': 2199, 'text_top': 2819, 'text_width': 58, 'text_height': 49}, {'text': 'अपीलार्थी', 'conf': 90, 'text_left': 305, 'text_top': 2955, 'text_width': 196, 'text_height': 51}, {'text': 'के', 'conf': 96, 'text_left': 532, 'text_top': 2956, 'text_width': 44, 'text_height': 49}, {'text': 'विरुद्द,', 'conf': 44, 'text_left': 607, 'text_top': 2956, 'text_width': 153, 'text_height': 65}, {'text': 'विवाद', 'conf': 96, 'text_left': 796, 'text_top': 2956, 'text_width': 130, 'text_height': 54}, {'text': 'के', 'conf': 96, 'text_left': 956, 'text_top': 2956, 'text_width': 44, 'text_height': 49}, {'text': 'निपटान', 'conf': 95, 'text_left': 1031, 'text_top': 2956, 'text_width': 169, 'text_height': 49}, {'text': 'और', 'conf': 93, 'text_left': 1232, 'text_top': 2955, 'text_width': 84, 'text_height': 52}, {'text': 'प्रश्\u200dनगत', 'conf': 58, 'text_left': 1347, 'text_top': 2969, 'text_width': 169, 'text_height': 39}, {'text': 'मांग', 'conf': 96, 'text_left': 1547, 'text_top': 2955, 'text_width': 94, 'text_height': 50}, {'text': 'के', 'conf': 95, 'text_left': 1672, 'text_top': 2956, 'text_width': 44, 'text_height': 49}, {'text': 'संबंध', 'conf': 95, 'text_left': 1747, 'text_top': 2955, 'text_width': 112, 'text_height': 53}, {'text': 'में', 'conf': 95, 'text_left': 1889, 'text_top': 2955, 'text_width': 41, 'text_height': 50}, {'text': 'निर्णय', 'conf': 95, 'text_left': 1962, 'text_top': 2954, 'text_width': 136, 'text_height': 51}, {'text': 'पारित', 'conf': 96, 'text_left': 2128, 'text_top': 2956, 'text_width': 127, 'text_height': 52}, {'text': 'करने', 'conf': 96, 'text_left': 305, 'text_top': 3092, 'text_width': 105, 'text_height': 51}, {'text': 'के', 'conf': 96, 'text_left': 441, 'text_top': 3092, 'text_width': 44, 'text_height': 49}, {'text': 'बावजूद,', 'conf': 94, 'text_left': 515, 'text_top': 3106, 'text_width': 163, 'text_height': 55}, {'text': 'बिजली', 'conf': 96, 'text_left': 713, 'text_top': 3092, 'text_width': 148, 'text_height': 50}, {'text': 'अधिनियम', 'conf': 96, 'text_left': 892, 'text_top': 3092, 'text_width': 227, 'text_height': 50}, {'text': 'के', 'conf': 95, 'text_left': 1150, 'text_top': 3092, 'text_width': 44, 'text_height': 49}, {'text': 'तहत', 'conf': 92, 'text_left': 1224, 'text_top': 3106, 'text_width': 105, 'text_height': 43}, {'text': '₹।R', 'conf': 20, 'text_left': 1363, 'text_top': 3101, 'text_width': 84, 'text_height': 40}, {'text': 'दर्ज', 'conf': 96, 'text_left': 1481, 'text_top': 3090, 'text_width': 76, 'text_height': 56}, {'text': 'करने', 'conf': 96, 'text_left': 1587, 'text_top': 3092, 'text_width': 107, 'text_height': 51}, {'text': 'में', 'conf': 94, 'text_left': 1723, 'text_top': 3091, 'text_width': 41, 'text_height': 50}, {'text': 'अधिकार', 'conf': 96, 'text_left': 1796, 'text_top': 3092, 'text_width': 180, 'text_height': 51}, {'text': 'मिले', 'conf': 96, 'text_left': 2006, 'text_top': 3092, 'text_width': 98, 'text_height': 50}, {'text': '|', 'conf': 96, 'text_left': 2137, 'text_top': 3101, 'text_width': 4, 'text_height': 52}, {'text': 'वहीं', 'conf': 92, 'text_left': 2178, 'text_top': 3091, 'text_width': 79, 'text_height': 58}, {'text': 'दूसरी', 'conf': 96, 'text_left': 305, 'text_top': 3229, 'text_width': 112, 'text_height': 68}, {'text': 'तरफ', 'conf': 95, 'text_left': 443, 'text_top': 3243, 'text_width': 106, 'text_height': 38}, {'text': 'निर्णय', 'conf': 96, 'text_left': 576, 'text_top': 3227, 'text_width': 135, 'text_height': 51}, {'text': 'में', 'conf': 95, 'text_left': 738, 'text_top': 3228, 'text_width': 41, 'text_height': 50}, {'text': 'दी', 'conf': 96, 'text_left': 807, 'text_top': 3229, 'text_width': 47, 'text_height': 54}, {'text': 'गयी', 'conf': 88, 'text_left': 881, 'text_top': 3231, 'text_width': 90, 'text_height': 47}, {'text': 'शर्तें', 'conf': 90, 'text_left': 1001, 'text_top': 3227, 'text_width': 74, 'text_height': 54}, {'text': 'स्पष्ट', 'conf': 93, 'text_left': 1102, 'text_top': 3243, 'text_width': 121, 'text_height': 38}, {'text': 'रूप', 'conf': 96, 'text_left': 1250, 'text_top': 3243, 'text_width': 68, 'text_height': 36}, {'text': 'से', 'conf': 96, 'text_left': 1346, 'text_top': 3229, 'text_width': 41, 'text_height': 52}, {'text': 'दर्शाती', 'conf': 96, 'text_left': 1414, 'text_top': 3227, 'text_width': 137, 'text_height': 56}, {'text': 'हैं', 'conf': 96, 'text_left': 1578, 'text_top': 3228, 'text_width': 32, 'text_height': 58}, {'text': 'कि', 'conf': 93, 'text_left': 1636, 'text_top': 3229, 'text_width': 61, 'text_height': 49}, {'text': 'प्रश्\u200dनगत', 'conf': 81, 'text_left': 1724, 'text_top': 3242, 'text_width': 171, 'text_height': 39}, {'text': 'मांग', 'conf': 95, 'text_left': 1921, 'text_top': 3228, 'text_width': 94, 'text_height': 50}, {'text': 'का', 'conf': 95, 'text_left': 2041, 'text_top': 3243, 'text_width': 59, 'text_height': 35}, {'text': 'विवाद', 'conf': 95, 'text_left': 2126, 'text_top': 3229, 'text_width': 129, 'text_height': 54}, {'text': 'पूर्ण', 'conf': 95, 'text_left': 305, 'text_top': 3363, 'text_width': 77, 'text_height': 71}, {'text': 'एवं', 'conf': 96, 'text_left': 408, 'text_top': 3364, 'text_width': 66, 'text_height': 51}, {'text': 'अन्तिम', 'conf': 95, 'text_left': 502, 'text_top': 3365, 'text_width': 163, 'text_height': 52}, {'text': 'संतुष्टि', 'conf': 96, 'text_left': 692, 'text_top': 3364, 'text_width': 150, 'text_height': 73}, {'text': 'से', 'conf': 93, 'text_left': 867, 'text_top': 3365, 'text_width': 41, 'text_height': 52}, {'text': 'निपटाया', 'conf': 90, 'text_left': 934, 'text_top': 3365, 'text_width': 185, 'text_height': 49}, {'text': 'जा', 'conf': 96, 'text_left': 1145, 'text_top': 3379, 'text_width': 58, 'text_height': 35}, {'text': 'चुका', 'conf': 96, 'text_left': 1229, 'text_top': 3379, 'text_width': 97, 'text_height': 58}, {'text': 'है', 'conf': 96, 'text_left': 1351, 'text_top': 3364, 'text_width': 31, 'text_height': 58}, {'text': '|', 'conf': 96, 'text_left': 1414, 'text_top': 3374, 'text_width': 4, 'text_height': 52}, {'text': 'इसमें', 'conf': 94, 'text_left': 1451, 'text_top': 3364, 'text_width': 110, 'text_height': 61}, {'text': 'कोई', 'conf': 96, 'text_left': 1588, 'text_top': 3363, 'text_width': 87, 'text_height': 62}, {'text': 'विवाद', 'conf': 96, 'text_left': 1701, 'text_top': 3365, 'text_width': 130, 'text_height': 54}, {'text': 'नहीं', 'conf': 95, 'text_left': 1856, 'text_top': 3364, 'text_width': 83, 'text_height': 58}, {'text': 'है', 'conf': 96, 'text_left': 1965, 'text_top': 3364, 'text_width': 31, 'text_height': 58}, {'text': 'कि', 'conf': 96, 'text_left': 2022, 'text_top': 3365, 'text_width': 61, 'text_height': 49}, {'text': 'बिजली', 'conf': 96, 'text_left': 2109, 'text_top': 3365, 'text_width': 147, 'text_height': 50}, {'text': 'अधिनियम', 'conf': 96, 'text_left': 305, 'text_top': 3502, 'text_width': 228, 'text_height': 50}, {'text': 'की', 'conf': 96, 'text_left': 562, 'text_top': 3502, 'text_width': 58, 'text_height': 49}, {'text': 'धारा', 'conf': 96, 'text_left': 649, 'text_top': 3512, 'text_width': 92, 'text_height': 42}, {'text': '152', 'conf': 96, 'text_left': 775, 'text_top': 3510, 'text_width': 85, 'text_height': 42}, {'text': 'अधिकारी', 'conf': 94, 'text_left': 894, 'text_top': 3502, 'text_width': 194, 'text_height': 51}, {'text': 'को', 'conf': 96, 'text_left': 1116, 'text_top': 3502, 'text_width': 58, 'text_height': 49}, {'text': 'बिजली', 'conf': 94, 'text_left': 1202, 'text_top': 3502, 'text_width': 148, 'text_height': 50}, {'text': 'अधिनियम', 'conf': 96, 'text_left': 1378, 'text_top': 3502, 'text_width': 228, 'text_height': 50}, {'text': 'के', 'conf': 96, 'text_left': 1635, 'text_top': 3502, 'text_width': 44, 'text_height': 49}, {'text': 'तहत', 'conf': 91, 'text_left': 1707, 'text_top': 3516, 'text_width': 104, 'text_height': 43}, {'text': 'दण्डों', 'conf': 86, 'text_left': 1838, 'text_top': 3502, 'text_width': 105, 'text_height': 54}, {'text': 'के', 'conf': 96, 'text_left': 1971, 'text_top': 3502, 'text_width': 44, 'text_height': 49}, {'text': 'शमन', 'conf': 96, 'text_left': 2046, 'text_top': 3515, 'text_width': 115, 'text_height': 37}, {'text': 'हेतु', 'conf': 96, 'text_left': 2189, 'text_top': 3502, 'text_width': 67, 'text_height': 71}, {'text': 'सशक्त', 'conf': 85, 'text_left': 305, 'text_top': 3651, 'text_width': 151, 'text_height': 39}, {'text': 'करती', 'conf': 95, 'text_left': 480, 'text_top': 3640, 'text_width': 120, 'text_height': 50}, {'text': 'है', 'conf': 95, 'text_left': 625, 'text_top': 3637, 'text_width': 32, 'text_height': 58}, {'text': '|', 'conf': 95, 'text_left': 687, 'text_top': 3647, 'text_width': 4, 'text_height': 52}]"
0,0,0,1422,455,12,17, 6.0,16,BCDEEE+Calibri,#000000,FOOTER,Calibri,15,,17.0,,"[{'text': '6.0', 'conf': 96.0, 'text_left': 1269, 'text_top': 3970, 'text_width': 20, 'text_height': 29}]"
0,,19,1159,108,712,227," अस्वीकरण: देशी भाषा में निर्णय का अनुवाद मुकददमेबाज़ के सिमित प्रयोग हेतु किया गया हैं ताकि, वो अपनी भाषा में इसे समझ सके एवं यह किसी अन्य प्रयोजन हेतु प्रयोग नहीं किया जायगा | समस्त कार्यालयी एवं व्यावहारिक प्रयोजनों हेतु निर्णय का अंग्रेज़ी स्वरूप ही अभिप्रमाणित माना जाएगा और कार्यान्वयन तथा लागू किए जाने हेतु उसे ही वरीयता दी जाएगी |",19,BCDFEE+Mangal,#000000,,Mangal,18,,29.0,,"[{'text': 'अस्वीकरण:', 'conf': 19, 'text_left': 305, 'text_top': 3242, 'text_width': 242, 'text_height': 52}, {'text': 'देशी', 'conf': 96, 'text_left': 582, 'text_top': 3242, 'text_width': 87, 'text_height': 54}, {'text': 'भाषा', 'conf': 96, 'text_left': 700, 'text_top': 3253, 'text_width': 100, 'text_height': 38}, {'text': 'में', 'conf': 96, 'text_left': 829, 'text_top': 3241, 'text_width': 41, 'text_height': 50}, {'text': 'निर्णय', 'conf': 95, 'text_left': 900, 'text_top': 3240, 'text_width': 134, 'text_height': 51}, {'text': 'का', 'conf': 96, 'text_left': 1064, 'text_top': 3256, 'text_width': 58, 'text_height': 35}, {'text': 'अनुवाद', 'conf': 93, 'text_left': 1151, 'text_top': 3255, 'text_width': 159, 'text_height': 59}, {'text': 'मुकददमेबाज़', 'conf': 20, 'text_left': 1339, 'text_top': 3242, 'text_width': 274, 'text_height': 72}, {'text': 'के', 'conf': 96, 'text_left': 1643, 'text_top': 3242, 'text_width': 44, 'text_height': 49}, {'text': 'सिमित', 'conf': 96, 'text_left': 1716, 'text_top': 3242, 'text_width': 151, 'text_height': 52}, {'text': 'प्रयोग', 'conf': 95, 'text_left': 1896, 'text_top': 3242, 'text_width': 123, 'text_height': 49}, {'text': 'हेतु', 'conf': 96, 'text_left': 2047, 'text_top': 3242, 'text_width': 68, 'text_height': 72}, {'text': 'किया', 'conf': 96, 'text_left': 2144, 'text_top': 3242, 'text_width': 112, 'text_height': 49}, {'text': 'गया', 'conf': 96, 'text_left': 600, 'text_top': 3393, 'text_width': 90, 'text_height': 35}, {'text': 'हैं', 'conf': 95, 'text_left': 725, 'text_top': 3378, 'text_width': 31, 'text_height': 58}, {'text': 'ताकि,', 'conf': 95, 'text_left': 791, 'text_top': 3379, 'text_width': 119, 'text_height': 57}, {'text': 'वो', 'conf': 95, 'text_left': 950, 'text_top': 3379, 'text_width': 49, 'text_height': 49}, {'text': 'अपनी', 'conf': 96, 'text_left': 1034, 'text_top': 3381, 'text_width': 127, 'text_height': 48}, {'text': 'भाषा', 'conf': 96, 'text_left': 1197, 'text_top': 3390, 'text_width': 100, 'text_height': 38}, {'text': 'में', 'conf': 93, 'text_left': 1332, 'text_top': 3378, 'text_width': 41, 'text_height': 50}, {'text': 'इसे', 'conf': 94, 'text_left': 1408, 'text_top': 3379, 'text_width': 71, 'text_height': 60}, {'text': 'समझ', 'conf': 95, 'text_left': 1514, 'text_top': 3393, 'text_width': 126, 'text_height': 45}, {'text': 'सके', 'conf': 96, 'text_left': 1675, 'text_top': 3379, 'text_width': 83, 'text_height': 52}, {'text': 'एवं', 'conf': 96, 'text_left': 1793, 'text_top': 3378, 'text_width': 66, 'text_height': 51}, {'text': 'यह', 'conf': 95, 'text_left': 1894, 'text_top': 3393, 'text_width': 68, 'text_height': 43}, {'text': 'किसी', 'conf': 95, 'text_left': 1997, 'text_top': 3379, 'text_width': 115, 'text_height': 52}, {'text': 'अन्य', 'conf': 71, 'text_left': 2146, 'text_top': 3392, 'text_width': 109, 'text_height': 37}, {'text': 'प्रयोजन', 'conf': 96, 'text_left': 600, 'text_top': 3515, 'text_width': 164, 'text_height': 49}, {'text': 'हेतु', 'conf': 96, 'text_left': 793, 'text_top': 3515, 'text_width': 68, 'text_height': 72}, {'text': 'प्रयोग', 'conf': 96, 'text_left': 890, 'text_top': 3515, 'text_width': 124, 'text_height': 49}, {'text': 'नहीं', 'conf': 96, 'text_left': 1042, 'text_top': 3514, 'text_width': 83, 'text_height': 58}, {'text': 'किया', 'conf': 95, 'text_left': 1154, 'text_top': 3515, 'text_width': 112, 'text_height': 49}, {'text': 'जायगा', 'conf': 96, 'text_left': 1295, 'text_top': 3529, 'text_width': 147, 'text_height': 35}, {'text': '|', 'conf': 96, 'text_left': 1476, 'text_top': 3524, 'text_width': 4, 'text_height': 52}, {'text': 'समस्त', 'conf': 93, 'text_left': 1516, 'text_top': 3529, 'text_width': 149, 'text_height': 38}, {'text': 'कार्यालयी', 'conf': 90, 'text_left': 1694, 'text_top': 3513, 'text_width': 199, 'text_height': 52}, {'text': 'एवं', 'conf': 96, 'text_left': 1922, 'text_top': 3514, 'text_width': 67, 'text_height': 51}, {'text': 'व्यावहारिक', 'conf': 96, 'text_left': 2018, 'text_top': 3515, 'text_width': 238, 'text_height': 57}, {'text': 'प्रयोजनों', 'conf': 96, 'text_left': 600, 'text_top': 3651, 'text_width': 178, 'text_height': 50}, {'text': 'हेतु', 'conf': 96, 'text_left': 807, 'text_top': 3652, 'text_width': 67, 'text_height': 71}, {'text': 'निर्णय', 'conf': 96, 'text_left': 902, 'text_top': 3650, 'text_width': 136, 'text_height': 51}, {'text': 'का', 'conf': 96, 'text_left': 1067, 'text_top': 3666, 'text_width': 58, 'text_height': 35}, {'text': 'अंग्रेज़ी', 'conf': 96, 'text_left': 1153, 'text_top': 3651, 'text_width': 139, 'text_height': 57}, {'text': 'स्वरूप', 'conf': 93, 'text_left': 1320, 'text_top': 3666, 'text_width': 133, 'text_height': 38}, {'text': 'ही', 'conf': 93, 'text_left': 1482, 'text_top': 3652, 'text_width': 45, 'text_height': 57}, {'text': 'अभिप्रमाणित', 'conf': 87, 'text_left': 1557, 'text_top': 3652, 'text_width': 282, 'text_height': 52}, {'text': 'माना', 'conf': 95, 'text_left': 1867, 'text_top': 3666, 'text_width': 107, 'text_height': 35}, {'text': 'जाएगा', 'conf': 96, 'text_left': 2002, 'text_top': 3666, 'text_width': 143, 'text_height': 36}, {'text': 'और', 'conf': 96, 'text_left': 2173, 'text_top': 3651, 'text_width': 84, 'text_height': 53}, {'text': 'कार्यान्वयन', 'conf': 93, 'text_left': 600, 'text_top': 3786, 'text_width': 243, 'text_height': 51}, {'text': 'तथा', 'conf': 96, 'text_left': 868, 'text_top': 3799, 'text_width': 91, 'text_height': 41}, {'text': 'लागू', 'conf': 96, 'text_left': 984, 'text_top': 3802, 'text_width': 100, 'text_height': 55}, {'text': 'किए', 'conf': 96, 'text_left': 1103, 'text_top': 3788, 'text_width': 93, 'text_height': 50}, {'text': 'जाने', 'conf': 96, 'text_left': 1221, 'text_top': 3788, 'text_width': 96, 'text_height': 49}, {'text': 'हेतु', 'conf': 96, 'text_left': 1342, 'text_top': 3788, 'text_width': 67, 'text_height': 72}, {'text': 'उसे', 'conf': 95, 'text_left': 1434, 'text_top': 3788, 'text_width': 72, 'text_height': 52}, {'text': 'ही', 'conf': 96, 'text_left': 1532, 'text_top': 3788, 'text_width': 46, 'text_height': 57}, {'text': 'वरीयता', 'conf': 96, 'text_left': 1603, 'text_top': 3788, 'text_width': 161, 'text_height': 52}, {'text': 'दी', 'conf': 96, 'text_left': 1789, 'text_top': 3788, 'text_width': 47, 'text_height': 54}, {'text': 'जाएगी', 'conf': 95, 'text_left': 1861, 'text_top': 3790, 'text_width': 143, 'text_height': 48}, {'text': '|', 'conf': 96, 'text_left': 2034, 'text_top': 3797, 'text_width': 4, 'text_height': 52}]"
