,xml_index,text_top,text_left,text_width,text_height,text,font_size,font_family,font_color,attrib,font_family_updated,font_size_updated,children,word_coords,xml_index,text_top,text_left,text_width,text_height,text,font_size,font_family,font_color,attrib,font_family_updated,font_size_updated,children,word_coords
0,0,108,404,91,31, राज्य सभा,21,TJEQHC+DVOTYogeshNormal,#000000,,DVOTYogeshNormal,19,,"[{'text': 'राज्य', 'conf': 96, 'text_left': 1126, 'text_top': 334, 'text_width': 125, 'text_height': 42}, {'text': 'सभा', 'conf': 95, 'text_left': 1265, 'text_top': 333, 'text_width': 105, 'text_height': 43}]",0,108,108,548,31," सभा में 7 अन्य पूर्व सदस्यों सहित श्री अटल बिहारी वाजपेयी, पूर्व",21,TJEQHC+DVOTYogeshNormal,#000000,,DVOTYogeshNormal,19,,"[{'text': 'सभा', 'conf': 94, 'text_left': 320, 'text_top': 333, 'text_width': 103, 'text_height': 42}, {'text': 'में', 'conf': 93, 'text_left': 438, 'text_top': 315, 'text_width': 39, 'text_height': 60}, {'text': '7', 'conf': 0, 'text_left': 496, 'text_top': 334, 'text_width': 47, 'text_height': 77}, {'text': 'अन्य', 'conf': 82, 'text_left': 562, 'text_top': 334, 'text_width': 108, 'text_height': 41}, {'text': 'पूर्व', 'conf': 95, 'text_left': 685, 'text_top': 315, 'text_width': 72, 'text_height': 96}, {'text': 'सदस्यों', 'conf': 83, 'text_left': 771, 'text_top': 315, 'text_width': 173, 'text_height': 62}, {'text': 'सहित', 'conf': 96, 'text_left': 959, 'text_top': 316, 'text_width': 139, 'text_height': 95}, {'text': 'श्री', 'conf': 96, 'text_left': 1116, 'text_top': 317, 'text_width': 60, 'text_height': 58}, {'text': 'अटल', 'conf': 96, 'text_left': 1192, 'text_top': 334, 'text_width': 133, 'text_height': 41}, {'text': 'बिहारी', 'conf': 95, 'text_left': 1339, 'text_top': 316, 'text_width': 155, 'text_height': 62}, {'text': 'वाजपेयी,', 'conf': 96, 'text_left': 1509, 'text_top': 315, 'text_width': 195, 'text_height': 96}, {'text': 'पूर्व', 'conf': 95, 'text_left': 1710, 'text_top': 315, 'text_width': 103, 'text_height': 79}]"
1,1,158,339,221,31, विदाई उद्वार - 247वां सत्र,21,TJEQHC+DVOTYogeshNormal,#000000,,DVOTYogeshNormal,19,"{""index"":{""0"":0,""1"":1,""2"":2},""xml_index"":{""0"":1,""1"":2,""2"":3},""text_top"":{""0"":158,""1"":158,""2"":158},""text_left"":{""0"":339,""1"":465,""2"":499},""text_width"":{""0"":126,""1"":34,""2"":61},""text_height"":{""0"":31,""1"":31,""2"":31},""text"":{""0"":""\u093f\u0935\u0926\u093e\u0908 \u0909\ufffd\u093e\u0930 - "",""1"":""247"",""2"":""\u0935\u093e\u0902 \u0938\ufffd ""},""font_size"":{""0"":21,""1"":21,""2"":21},""font_family"":{""0"":""TJEQHC+DVOTYogeshNormal"",""1"":""MBSANQ+DVOTYogeshNormal"",""2"":""TJEQHC+DVOTYogeshNormal""},""font_color"":{""0"":""#000000"",""1"":""#000000"",""2"":""#000000""},""attrib"":{""0"":"""",""1"":"""",""2"":""""},""font_family_updated"":{""0"":""DVOTYogeshNormal"",""1"":""DVOTYogeshNormal"",""2"":""DVOTYogeshNormal""},""font_size_updated"":{""0"":19,""1"":19,""2"":19}}","[{'text': 'विदाई', 'conf': 93, 'text_left': 945, 'text_top': 455, 'text_width': 149, 'text_height': 72}, {'text': 'उद्वार', 'conf': 43, 'text_left': 1108, 'text_top': 475, 'text_width': 134, 'text_height': 45}, {'text': '-', 'conf': 89, 'text_left': 1258, 'text_top': 489, 'text_width': 17, 'text_height': 6}, {'text': '247वां', 'conf': 92, 'text_left': 1298, 'text_top': 462, 'text_width': 148, 'text_height': 56}, {'text': 'सत्र', 'conf': 94, 'text_left': 1460, 'text_top': 475, 'text_width': 91, 'text_height': 42}]",1,140,108,673,31," प्रधानमंत्री; श्री सोमनाथ चटर्जी ; पूर्व लोकसभा अध्यक्ष ; श्री अनंत कुमार, रसायन",21,TJEQHC+DVOTYogeshNormal,#000000,,DVOTYogeshNormal,19,"{""index"":{""0"":0,""1"":1,""2"":2},""xml_index"":{""0"":1,""1"":2,""2"":3},""text_top"":{""0"":140,""1"":140,""2"":140},""text_left"":{""0"":108,""1"":559,""2"":566},""text_width"":{""0"":438,""1"":7,""2"":215},""text_height"":{""0"":31,""1"":31,""2"":31},""text"":{""0"":""\ufffd\u0927\u093e\u0928\u092e\u0902\ufffd\u0940; \ufffd\u0940 \u0938\u094b\u092e\u0928\u093e\u0925 \u091a\u091f\u091c\ufffd, \u092a\u0942\u0935\u0930\u094d \u0932\u094b\u0915\u0938\u092d\u093e \u0905\u0927\u094d\u092f\u0915\u094d\u0937"",""1"":"";"",""2"":"" \ufffd\u0940 \u0905\u0928\u0902\u0924 \u0915\u0941\u092e\u093e\u0930, \u0930\u0938\u093e\u092f\u0928 ""},""font_size"":{""0"":21,""1"":21,""2"":21},""font_family"":{""0"":""TJEQHC+DVOTYogeshNormal"",""1"":""MBSANQ+DVOTYogeshNormal"",""2"":""TJEQHC+DVOTYogeshNormal""},""font_color"":{""0"":""#000000"",""1"":""#000000"",""2"":""#000000""},""attrib"":{""0"":"""",""1"":"""",""2"":""""},""font_family_updated"":{""0"":""DVOTYogeshNormal"",""1"":""DVOTYogeshNormal"",""2"":""DVOTYogeshNormal""},""font_size_updated"":{""0"":19,""1"":19,""2"":19}}","[{'text': 'प्रधानमंत्री;', 'conf': 75, 'text_left': 300, 'text_top': 403, 'text_width': 250, 'text_height': 97}, {'text': 'श्री', 'conf': 96, 'text_left': 577, 'text_top': 408, 'text_width': 61, 'text_height': 58}, {'text': 'सोमनाथ', 'conf': 96, 'text_left': 653, 'text_top': 389, 'text_width': 199, 'text_height': 77}, {'text': 'चटर्जी', 'conf': 95, 'text_left': 851, 'text_top': 402, 'text_width': 154, 'text_height': 98}, {'text': ';', 'conf': 29, 'text_left': 1024, 'text_top': 456, 'text_width': 11, 'text_height': 19}, {'text': 'पूर्व', 'conf': 90, 'text_left': 1054, 'text_top': 406, 'text_width': 72, 'text_height': 79}, {'text': 'लोकसभा', 'conf': 96, 'text_left': 1112, 'text_top': 402, 'text_width': 240, 'text_height': 98}, {'text': 'अध्यक्ष', 'conf': 91, 'text_left': 1374, 'text_top': 424, 'text_width': 148, 'text_height': 43}, {'text': ';', 'conf': 91, 'text_left': 1562, 'text_top': 439, 'text_width': 13, 'text_height': 37}, {'text': 'श्री', 'conf': 95, 'text_left': 1593, 'text_top': 408, 'text_width': 61, 'text_height': 58}, {'text': 'अनंत', 'conf': 60, 'text_left': 1670, 'text_top': 425, 'text_width': 124, 'text_height': 41}, {'text': 'कुमार,', 'conf': 96, 'text_left': 1809, 'text_top': 425, 'text_width': 155, 'text_height': 59}, {'text': 'रसायन', 'conf': 96, 'text_left': 1955, 'text_top': 403, 'text_width': 201, 'text_height': 97}]"
2,4,209,369,154,31," (9 जनवरी, 209)",21,TJEQHC+DVOTYogeshNormal,#000000,,DVOTYogeshNormal,19,"{""index"":{""0"":0,""1"":1},""xml_index"":{""0"":4,""1"":5},""text_top"":{""0"":209,""1"":209},""text_left"":{""0"":369,""1"":473},""text_width"":{""0"":104,""1"":50},""text_height"":{""0"":31,""1"":31},""text"":{""0"":""(9 \u091c\u0928\u0935\u0930\u0940, "",""1"":""2019)""},""font_size"":{""0"":21,""1"":21},""font_family"":{""0"":""TJEQHC+DVOTYogeshNormal"",""1"":""MBSANQ+DVOTYogeshNormal""},""font_color"":{""0"":""#000000"",""1"":""#000000""},""attrib"":{""0"":"""",""1"":""""},""font_family_updated"":{""0"":""DVOTYogeshNormal"",""1"":""DVOTYogeshNormal""},""font_size_updated"":{""0"":19,""1"":19}}","[{'text': '(9', 'conf': 95, 'text_left': 1037, 'text_top': 606, 'text_width': 54, 'text_height': 69}, {'text': 'जनवरी,', 'conf': 93, 'text_left': 1105, 'text_top': 598, 'text_width': 195, 'text_height': 68}, {'text': '209)', 'conf': 0, 'text_left': 1321, 'text_top': 606, 'text_width': 136, 'text_height': 69}]",4,173,108,678,31, और उर्वरक मंत्री तथा संसदीय कार्य मंत्री के निधन का उल्लेख किया गया | सभा में,21,TJEQHC+DVOTYogeshNormal,#000000,,DVOTYogeshNormal,19,,"[{'text': 'और', 'conf': 96, 'text_left': 306, 'text_top': 496, 'text_width': 92, 'text_height': 60}, {'text': 'उर्वरक', 'conf': 94, 'text_left': 414, 'text_top': 496, 'text_width': 162, 'text_height': 60}, {'text': 'मंत्री', 'conf': 94, 'text_left': 590, 'text_top': 498, 'text_width': 99, 'text_height': 58}, {'text': 'तथा', 'conf': 92, 'text_left': 704, 'text_top': 492, 'text_width': 100, 'text_height': 99}, {'text': 'संसदीय', 'conf': 96, 'text_left': 802, 'text_top': 492, 'text_width': 193, 'text_height': 99}, {'text': 'कार्य', 'conf': 95, 'text_left': 1022, 'text_top': 480, 'text_width': 109, 'text_height': 76}, {'text': 'मंत्री', 'conf': 96, 'text_left': 1145, 'text_top': 498, 'text_width': 99, 'text_height': 58}, {'text': 'के', 'conf': 97, 'text_left': 1259, 'text_top': 496, 'text_width': 52, 'text_height': 60}, {'text': 'निधन', 'conf': 95, 'text_left': 1322, 'text_top': 497, 'text_width': 133, 'text_height': 94}, {'text': 'का', 'conf': 95, 'text_left': 1473, 'text_top': 515, 'text_width': 69, 'text_height': 41}, {'text': 'उल्लेख', 'conf': 59, 'text_left': 1557, 'text_top': 496, 'text_width': 173, 'text_height': 60}, {'text': 'किया', 'conf': 96, 'text_left': 1728, 'text_top': 480, 'text_width': 139, 'text_height': 111}, {'text': 'गया', 'conf': 96, 'text_left': 1867, 'text_top': 480, 'text_width': 111, 'text_height': 111}, {'text': '|', 'conf': 75, 'text_left': 1992, 'text_top': 514, 'text_width': 5, 'text_height': 42}, {'text': 'सभा', 'conf': 93, 'text_left': 1998, 'text_top': 492, 'text_width': 94, 'text_height': 99}, {'text': 'में', 'conf': 95, 'text_left': 2091, 'text_top': 492, 'text_width': 75, 'text_height': 99}]"
3,6,260,162,626,31," श्री सभापतिः माननीय सदस्यों , राज्य सभा का 24 7वां सत्र , जो दिसम्बर ,",21,TJEQHC+DVOTYogeshNormal,#000000,,DVOTYogeshNormal,19,"{""index"":{""0"":0,""1"":1,""2"":2,""3"":3,""4"":4,""5"":5,""6"":6},""xml_index"":{""0"":6,""1"":7,""2"":8,""3"":9,""4"":10,""5"":11,""6"":12},""text_top"":{""0"":260,""1"":260,""2"":260,""3"":260,""4"":260,""5"":260,""6"":260},""text_left"":{""0"":162,""1"":260,""2"":268,""3"":545,""4"":579,""5"":640,""6"":648},""text_width"":{""0"":99,""1"":8,""2"":277,""3"":33,""4"":56,""5"":8,""6"":140},""text_height"":{""0"":31,""1"":31,""2"":31,""3"":31,""4"":31,""5"":31,""6"":31},""text"":{""0"":""\ufffd\u0940 \u0938\u092d\u093e\u092a\u093f\u0924"",""1"":"":"",""2"":"" \u092e\u093e\u0928\u0928\u0940\u092f \u0938\u0926\u0938\u094d\u092f\u094b\u0902, \u0930\u093e\u091c\u094d\u092f \u0938\u092d\u093e \u0915\u093e "",""3"":""247"",""4"":""\u0935\u093e\u0902 \u0938\ufffd"",""5"":"","",""6"":"" \u091c\u094b 11 \u093f\u0926\u0938\u092e\u094d\u092c\u0930, ""},""font_size"":{""0"":21,""1"":21,""2"":21,""3"":21,""4"":21,""5"":21,""6"":21},""font_family"":{""0"":""TJEQHC+DVOTYogeshNormal"",""1"":""MBSANQ+DVOTYogeshNormal"",""2"":""TJEQHC+DVOTYogeshNormal"",""3"":""MBSANQ+DVOTYogeshNormal"",""4"":""TJEQHC+DVOTYogeshNormal"",""5"":""MBSANQ+DVOTYogeshNormal"",""6"":""TJEQHC+DVOTYogeshNormal""},""font_color"":{""0"":""#000000"",""1"":""#000000"",""2"":""#000000"",""3"":""#000000"",""4"":""#000000"",""5"":""#000000"",""6"":""#000000""},""attrib"":{""0"":"""",""1"":"""",""2"":"""",""3"":"""",""4"":"""",""5"":"""",""6"":""""},""font_family_updated"":{""0"":""DVOTYogeshNormal"",""1"":""DVOTYogeshNormal"",""2"":""DVOTYogeshNormal"",""3"":""DVOTYogeshNormal"",""4"":""DVOTYogeshNormal"",""5"":""DVOTYogeshNormal"",""6"":""DVOTYogeshNormal""},""font_size_updated"":{""0"":19,""1"":19,""2"":19,""3"":19,""4"":19,""5"":19,""6"":19}}","[{'text': 'श्री', 'conf': 92, 'text_left': 450, 'text_top': 735, 'text_width': 70, 'text_height': 98}, {'text': 'सभापतिः', 'conf': 83, 'text_left': 533, 'text_top': 738, 'text_width': 216, 'text_height': 60}, {'text': 'माननीय', 'conf': 95, 'text_left': 767, 'text_top': 739, 'text_width': 191, 'text_height': 58}, {'text': 'सदस्यों', 'conf': 73, 'text_left': 972, 'text_top': 737, 'text_width': 173, 'text_height': 62}, {'text': ',', 'conf': 73, 'text_left': 1151, 'text_top': 787, 'text_width': 11, 'text_height': 19}, {'text': 'राज्य', 'conf': 96, 'text_left': 1182, 'text_top': 756, 'text_width': 122, 'text_height': 77}, {'text': 'सभा', 'conf': 96, 'text_left': 1318, 'text_top': 755, 'text_width': 103, 'text_height': 78}, {'text': 'का', 'conf': 96, 'text_left': 1436, 'text_top': 756, 'text_width': 69, 'text_height': 41}, {'text': '24', 'conf': 95, 'text_left': 1521, 'text_top': 756, 'text_width': 57, 'text_height': 77}, {'text': '7वां', 'conf': 28, 'text_left': 1585, 'text_top': 743, 'text_width': 80, 'text_height': 54}, {'text': 'सत्र', 'conf': 28, 'text_left': 1680, 'text_top': 756, 'text_width': 88, 'text_height': 41}, {'text': ',', 'conf': 90, 'text_left': 1789, 'text_top': 787, 'text_width': 11, 'text_height': 19}, {'text': 'जो', 'conf': 96, 'text_left': 1820, 'text_top': 737, 'text_width': 67, 'text_height': 60}, {'text': 'दिसम्बर', 'conf': 96, 'text_left': 1943, 'text_top': 733, 'text_width': 213, 'text_height': 100}, {'text': ',', 'conf': 70, 'text_left': 2164, 'text_top': 787, 'text_width': 11, 'text_height': 19}]",5,206,108,668,31, संयुक्त राज्य अमरीका के पूर्व राष्ट्रपति श्री जॉर्ज एच. डब्ल्यू. बुश के निधन का भी,21,TJEQHC+DVOTYogeshNormal,#000000,,DVOTYogeshNormal,19,,"[{'text': 'संयुक्त', 'conf': 83, 'text_left': 305, 'text_top': 593, 'text_width': 159, 'text_height': 90}, {'text': 'राज्य', 'conf': 96, 'text_left': 479, 'text_top': 606, 'text_width': 122, 'text_height': 77}, {'text': 'अमरीका', 'conf': 95, 'text_left': 616, 'text_top': 589, 'text_width': 201, 'text_height': 58}, {'text': 'के', 'conf': 96, 'text_left': 832, 'text_top': 587, 'text_width': 52, 'text_height': 60}, {'text': 'पूर्व', 'conf': 86, 'text_left': 898, 'text_top': 587, 'text_width': 72, 'text_height': 79}, {'text': 'राष्ट्रपति', 'conf': 95, 'text_left': 985, 'text_top': 588, 'text_width': 199, 'text_height': 70}, {'text': 'श्री', 'conf': 95, 'text_left': 1201, 'text_top': 589, 'text_width': 61, 'text_height': 58}, {'text': 'जॉर्ज', 'conf': 96, 'text_left': 1276, 'text_top': 587, 'text_width': 117, 'text_height': 60}, {'text': 'एच.', 'conf': 92, 'text_left': 1408, 'text_top': 606, 'text_width': 96, 'text_height': 49}, {'text': 'डब्ल्यू.', 'conf': 73, 'text_left': 1524, 'text_top': 606, 'text_width': 149, 'text_height': 60}, {'text': 'बुश', 'conf': 92, 'text_left': 1693, 'text_top': 606, 'text_width': 83, 'text_height': 59}, {'text': 'के', 'conf': 96, 'text_left': 1790, 'text_top': 587, 'text_width': 52, 'text_height': 60}, {'text': 'निधन', 'conf': 96, 'text_left': 1857, 'text_top': 588, 'text_width': 133, 'text_height': 59}, {'text': 'का', 'conf': 96, 'text_left': 2005, 'text_top': 606, 'text_width': 69, 'text_height': 41}, {'text': 'भी', 'conf': 96, 'text_left': 2090, 'text_top': 589, 'text_width': 56, 'text_height': 58}]"
4,13,293,108,670,31," 2078 को प्रारंभ हुआ था, आज समाप्त हो रहा है। कुल मिलाकर सभा की 8 बैठकें",21,TJEQHC+DVOTYogeshNormal,#000000,,DVOTYogeshNormal,19,,"[{'text': '2078', 'conf': 0, 'text_left': 306, 'text_top': 848, 'text_width': 76, 'text_height': 78}, {'text': 'को', 'conf': 96, 'text_left': 391, 'text_top': 829, 'text_width': 112, 'text_height': 97}, {'text': 'प्रारंभ', 'conf': 92, 'text_left': 518, 'text_top': 835, 'text_width': 125, 'text_height': 91}, {'text': 'हुआ', 'conf': 96, 'text_left': 657, 'text_top': 848, 'text_width': 100, 'text_height': 59}, {'text': 'था,', 'conf': 96, 'text_left': 787, 'text_top': 847, 'text_width': 76, 'text_height': 79}, {'text': 'आज', 'conf': 96, 'text_left': 883, 'text_top': 848, 'text_width': 111, 'text_height': 41}, {'text': 'समाप्त', 'conf': 96, 'text_left': 1009, 'text_top': 848, 'text_width': 159, 'text_height': 78}, {'text': 'हो', 'conf': 96, 'text_left': 1183, 'text_top': 829, 'text_width': 55, 'text_height': 63}, {'text': 'रहा', 'conf': 93, 'text_left': 1253, 'text_top': 848, 'text_width': 86, 'text_height': 78}, {'text': 'है।', 'conf': 93, 'text_left': 1354, 'text_top': 829, 'text_width': 58, 'text_height': 97}, {'text': 'कुल', 'conf': 96, 'text_left': 1424, 'text_top': 848, 'text_width': 99, 'text_height': 78}, {'text': 'मिलाकर', 'conf': 96, 'text_left': 1537, 'text_top': 830, 'text_width': 203, 'text_height': 96}, {'text': 'सभा', 'conf': 96, 'text_left': 1754, 'text_top': 847, 'text_width': 103, 'text_height': 42}, {'text': 'की', 'conf': 93, 'text_left': 1871, 'text_top': 831, 'text_width': 69, 'text_height': 58}, {'text': '8', 'conf': 0, 'text_left': 1959, 'text_top': 848, 'text_width': 48, 'text_height': 41}, {'text': 'बैठकें', 'conf': 87, 'text_left': 2024, 'text_top': 823, 'text_width': 128, 'text_height': 103}]",6,239,108,170,31, उल्लेख किया गया।,21,TJEQHC+DVOTYogeshNormal,#000000,,DVOTYogeshNormal,19,,"[{'text': 'उल्लेख', 'conf': 39, 'text_left': 305, 'text_top': 664, 'text_width': 173, 'text_height': 75}, {'text': 'किया', 'conf': 91, 'text_left': 494, 'text_top': 680, 'text_width': 126, 'text_height': 59}, {'text': 'गया।', 'conf': 90, 'text_left': 634, 'text_top': 697, 'text_width': 111, 'text_height': 42}]"
5,14,325,108,685,31," हुई, जिनमें केवल 27 घंटे तक चर्चा हो पाई। 78 से अधिक घंटों का समय बर्बाद हुआ",21,TJEQHC+DVOTYogeshNormal,#000000,,DVOTYogeshNormal,19,,"[{'text': 'हुई,', 'conf': 94, 'text_left': 304, 'text_top': 920, 'text_width': 90, 'text_height': 78}, {'text': 'जिनमें', 'conf': 95, 'text_left': 414, 'text_top': 920, 'text_width': 144, 'text_height': 95}, {'text': 'केवल', 'conf': 96, 'text_left': 573, 'text_top': 903, 'text_width': 135, 'text_height': 77}, {'text': '27', 'conf': 96, 'text_left': 724, 'text_top': 939, 'text_width': 55, 'text_height': 41}, {'text': 'घंटे', 'conf': 95, 'text_left': 797, 'text_top': 920, 'text_width': 83, 'text_height': 60}, {'text': 'तक', 'conf': 96, 'text_left': 896, 'text_top': 939, 'text_width': 91, 'text_height': 76}, {'text': 'चर्चा', 'conf': 96, 'text_left': 1002, 'text_top': 920, 'text_width': 103, 'text_height': 95}, {'text': 'हो', 'conf': 93, 'text_left': 1119, 'text_top': 920, 'text_width': 55, 'text_height': 63}, {'text': 'पाई।', 'conf': 83, 'text_left': 1189, 'text_top': 920, 'text_width': 110, 'text_height': 95}, {'text': '78', 'conf': 96, 'text_left': 1313, 'text_top': 939, 'text_width': 54, 'text_height': 41}, {'text': 'से', 'conf': 96, 'text_left': 1384, 'text_top': 903, 'text_width': 66, 'text_height': 77}, {'text': 'अधिक', 'conf': 96, 'text_left': 1450, 'text_top': 903, 'text_width': 147, 'text_height': 112}, {'text': 'घंटों', 'conf': 95, 'text_left': 1613, 'text_top': 920, 'text_width': 101, 'text_height': 60}, {'text': 'का', 'conf': 96, 'text_left': 1729, 'text_top': 939, 'text_width': 69, 'text_height': 41}, {'text': 'समय', 'conf': 96, 'text_left': 1812, 'text_top': 939, 'text_width': 125, 'text_height': 76}, {'text': 'बर्बाद', 'conf': 96, 'text_left': 1952, 'text_top': 920, 'text_width': 127, 'text_height': 62}, {'text': 'हुआ', 'conf': 95, 'text_left': 2094, 'text_top': 939, 'text_width': 100, 'text_height': 59}]",7,289,108,607,31," मैं इस अवसर पर विपक्ष के नेता, विभिन्‍न दलों और समूहों के नेताओं तथा",21,TJEQHC+DVOTYogeshNormal,#000000,,DVOTYogeshNormal,19,,"[{'text': 'मैं', 'conf': 96, 'text_left': 320, 'text_top': 820, 'text_width': 39, 'text_height': 60}, {'text': 'इस', 'conf': 96, 'text_left': 374, 'text_top': 839, 'text_width': 82, 'text_height': 76}, {'text': 'अवसर', 'conf': 96, 'text_left': 471, 'text_top': 839, 'text_width': 159, 'text_height': 41}, {'text': 'पर', 'conf': 96, 'text_left': 645, 'text_top': 839, 'text_width': 66, 'text_height': 76}, {'text': 'विपक्ष', 'conf': 94, 'text_left': 726, 'text_top': 821, 'text_width': 130, 'text_height': 60}, {'text': 'के', 'conf': 97, 'text_left': 871, 'text_top': 820, 'text_width': 52, 'text_height': 60}, {'text': 'नेता,', 'conf': 96, 'text_left': 937, 'text_top': 820, 'text_width': 113, 'text_height': 95}, {'text': 'विभिन्\u200dन', 'conf': 92, 'text_left': 1070, 'text_top': 821, 'text_width': 177, 'text_height': 94}, {'text': 'दलों', 'conf': 96, 'text_left': 1255, 'text_top': 820, 'text_width': 104, 'text_height': 62}, {'text': 'और', 'conf': 96, 'text_left': 1375, 'text_top': 820, 'text_width': 93, 'text_height': 60}, {'text': 'समूहों', 'conf': 96, 'text_left': 1483, 'text_top': 820, 'text_width': 139, 'text_height': 95}, {'text': 'के', 'conf': 97, 'text_left': 1636, 'text_top': 820, 'text_width': 52, 'text_height': 60}, {'text': 'नेताओं', 'conf': 96, 'text_left': 1703, 'text_top': 820, 'text_width': 158, 'text_height': 60}, {'text': 'तथा', 'conf': 96, 'text_left': 1875, 'text_top': 839, 'text_width': 101, 'text_height': 76}]"
6,15,358,108,598,31, जो संसद के उच्च सदन की कार्य प्रणाली की दुखद स्थिति को दर्शाता है।,21,TJEQHC+DVOTYogeshNormal,#000000,,DVOTYogeshNormal,19,,"[{'text': 'जो', 'conf': 96, 'text_left': 304, 'text_top': 995, 'text_width': 68, 'text_height': 76}, {'text': 'संसद', 'conf': 95, 'text_left': 386, 'text_top': 1017, 'text_width': 131, 'text_height': 56}, {'text': 'के', 'conf': 96, 'text_left': 532, 'text_top': 1011, 'text_width': 52, 'text_height': 60}, {'text': 'उच्च', 'conf': 96, 'text_left': 599, 'text_top': 1030, 'text_width': 111, 'text_height': 41}, {'text': 'सदन', 'conf': 96, 'text_left': 725, 'text_top': 1030, 'text_width': 124, 'text_height': 43}, {'text': 'की', 'conf': 96, 'text_left': 864, 'text_top': 1013, 'text_width': 69, 'text_height': 58}, {'text': 'कार्य', 'conf': 96, 'text_left': 948, 'text_top': 1011, 'text_width': 109, 'text_height': 60}, {'text': 'प्रणाली', 'conf': 96, 'text_left': 1071, 'text_top': 1013, 'text_width': 162, 'text_height': 58}, {'text': 'की', 'conf': 96, 'text_left': 1248, 'text_top': 1013, 'text_width': 69, 'text_height': 58}, {'text': 'दुखद', 'conf': 96, 'text_left': 1331, 'text_top': 1030, 'text_width': 134, 'text_height': 59}, {'text': 'स्थिति', 'conf': 96, 'text_left': 1480, 'text_top': 1011, 'text_width': 147, 'text_height': 60}, {'text': 'को', 'conf': 97, 'text_left': 1642, 'text_top': 1011, 'text_width': 69, 'text_height': 60}, {'text': 'दर्शाता', 'conf': 92, 'text_left': 1725, 'text_top': 1011, 'text_width': 161, 'text_height': 62}, {'text': 'है।', 'conf': 91, 'text_left': 1901, 'text_top': 1011, 'text_width': 38, 'text_height': 63}]",8,322,108,674,31, माननीय सदस्यों द्वारा सभा के समग्र कार्यकरण में प्रदान किए गए सहयोग के लिए,21,TJEQHC+DVOTYogeshNormal,#000000,,DVOTYogeshNormal,19,,"[{'text': 'माननीय', 'conf': 95, 'text_left': 305, 'text_top': 913, 'text_width': 190, 'text_height': 58}, {'text': 'सदस्यों', 'conf': 88, 'text_left': 510, 'text_top': 911, 'text_width': 173, 'text_height': 62}, {'text': 'द्वारा', 'conf': 96, 'text_left': 697, 'text_top': 930, 'text_width': 106, 'text_height': 48}, {'text': 'सभा', 'conf': 96, 'text_left': 817, 'text_top': 929, 'text_width': 103, 'text_height': 42}, {'text': 'के', 'conf': 96, 'text_left': 935, 'text_top': 911, 'text_width': 52, 'text_height': 60}, {'text': 'समग्र', 'conf': 88, 'text_left': 1001, 'text_top': 907, 'text_width': 126, 'text_height': 99}, {'text': 'कार्यकरण', 'conf': 90, 'text_left': 1124, 'text_top': 907, 'text_width': 249, 'text_height': 99}, {'text': 'में', 'conf': 95, 'text_left': 1383, 'text_top': 907, 'text_width': 48, 'text_height': 76}, {'text': 'प्रदान', 'conf': 96, 'text_left': 1443, 'text_top': 895, 'text_width': 135, 'text_height': 111}, {'text': 'किए', 'conf': 95, 'text_left': 1569, 'text_top': 908, 'text_width': 124, 'text_height': 98}, {'text': 'गए', 'conf': 82, 'text_left': 1711, 'text_top': 930, 'text_width': 58, 'text_height': 76}, {'text': 'सहयोग', 'conf': 95, 'text_left': 1772, 'text_top': 907, 'text_width': 205, 'text_height': 99}, {'text': 'के', 'conf': 95, 'text_left': 1995, 'text_top': 911, 'text_width': 52, 'text_height': 60}, {'text': 'लिए', 'conf': 95, 'text_left': 2061, 'text_top': 912, 'text_width': 100, 'text_height': 67}]"
7,16,409,108,591,31, सत्र के दौरान नियमित और सतत्‌ तौर पर व्यवधान हुआ जिसके कारण,21,TJEQHC+DVOTYogeshNormal,#000000,,DVOTYogeshNormal,19,,"[{'text': 'सत्र', 'conf': 96, 'text_left': 320, 'text_top': 1170, 'text_width': 88, 'text_height': 41}, {'text': 'के', 'conf': 96, 'text_left': 423, 'text_top': 1151, 'text_width': 52, 'text_height': 60}, {'text': 'दौरान', 'conf': 96, 'text_left': 490, 'text_top': 1150, 'text_width': 144, 'text_height': 97}, {'text': 'नियमित', 'conf': 95, 'text_left': 649, 'text_top': 1152, 'text_width': 191, 'text_height': 95}, {'text': 'और', 'conf': 93, 'text_left': 856, 'text_top': 1150, 'text_width': 93, 'text_height': 61}, {'text': 'सतत्\u200c', 'conf': 88, 'text_left': 964, 'text_top': 1170, 'text_width': 127, 'text_height': 77}, {'text': 'तौर', 'conf': 96, 'text_left': 1104, 'text_top': 1150, 'text_width': 88, 'text_height': 97}, {'text': 'पर', 'conf': 93, 'text_left': 1207, 'text_top': 1170, 'text_width': 70, 'text_height': 77}, {'text': 'व्यवधान', 'conf': 92, 'text_left': 1289, 'text_top': 1169, 'text_width': 189, 'text_height': 78}, {'text': 'हुआ', 'conf': 96, 'text_left': 1493, 'text_top': 1170, 'text_width': 104, 'text_height': 77}, {'text': 'जिसके', 'conf': 96, 'text_left': 1608, 'text_top': 1151, 'text_width': 164, 'text_height': 96}, {'text': 'कारण', 'conf': 96, 'text_left': 1786, 'text_top': 1170, 'text_width': 146, 'text_height': 77}]",9,355,108,674,31, उनका आभार व्यक्त करता हूं मैं सचिवालय के अधिकारियों और कर्मचारियों द्वारा,21,TJEQHC+DVOTYogeshNormal,#000000,,DVOTYogeshNormal,19,,"[{'text': 'उनका', 'conf': 96, 'text_left': 305, 'text_top': 1020, 'text_width': 149, 'text_height': 41}, {'text': 'आभार', 'conf': 95, 'text_left': 470, 'text_top': 1019, 'text_width': 150, 'text_height': 78}, {'text': 'व्यक्त', 'conf': 91, 'text_left': 635, 'text_top': 1020, 'text_width': 132, 'text_height': 77}, {'text': 'करता', 'conf': 96, 'text_left': 782, 'text_top': 1020, 'text_width': 140, 'text_height': 77}, {'text': 'हूं', 'conf': 7, 'text_left': 937, 'text_top': 1020, 'text_width': 38, 'text_height': 60}, {'text': 'मैं', 'conf': 92, 'text_left': 993, 'text_top': 997, 'text_width': 48, 'text_height': 75}, {'text': 'सचिवालय', 'conf': 96, 'text_left': 1032, 'text_top': 997, 'text_width': 269, 'text_height': 100}, {'text': 'के', 'conf': 95, 'text_left': 1302, 'text_top': 997, 'text_width': 71, 'text_height': 75}, {'text': 'अधिकारियों', 'conf': 96, 'text_left': 1365, 'text_top': 997, 'text_width': 288, 'text_height': 100}, {'text': 'और', 'conf': 96, 'text_left': 1650, 'text_top': 997, 'text_width': 113, 'text_height': 100}, {'text': 'कर्मचारियों', 'conf': 94, 'text_left': 1787, 'text_top': 1001, 'text_width': 255, 'text_height': 60}, {'text': 'द्वारा', 'conf': 93, 'text_left': 2057, 'text_top': 1020, 'text_width': 105, 'text_height': 48}]"
8,17,442,108,673,31, सदस्य अविलम्बनीय लोक महत्व के विषयों पर चर्चा करने और प्रश्नों के माध्यम से,21,TJEQHC+DVOTYogeshNormal,#000000,,DVOTYogeshNormal,19,,"[{'text': 'सदस्य', 'conf': 84, 'text_left': 300, 'text_top': 1240, 'text_width': 143, 'text_height': 99}, {'text': 'अविलम्बनीय', 'conf': 89, 'text_left': 472, 'text_top': 1239, 'text_width': 290, 'text_height': 100}, {'text': 'लोक', 'conf': 96, 'text_left': 758, 'text_top': 1238, 'text_width': 153, 'text_height': 101}, {'text': 'महत्व', 'conf': 74, 'text_left': 901, 'text_top': 1239, 'text_width': 152, 'text_height': 100}, {'text': 'के', 'conf': 94, 'text_left': 1060, 'text_top': 1242, 'text_width': 47, 'text_height': 97}, {'text': 'विषयों', 'conf': 96, 'text_left': 1111, 'text_top': 1238, 'text_width': 165, 'text_height': 101}, {'text': 'पर', 'conf': 96, 'text_left': 1295, 'text_top': 1261, 'text_width': 59, 'text_height': 78}, {'text': 'चर्चा', 'conf': 95, 'text_left': 1353, 'text_top': 1238, 'text_width': 118, 'text_height': 78}, {'text': 'करने', 'conf': 96, 'text_left': 1472, 'text_top': 1238, 'text_width': 139, 'text_height': 101}, {'text': 'और', 'conf': 96, 'text_left': 1632, 'text_top': 1242, 'text_width': 85, 'text_height': 97}, {'text': 'प्रश्नों', 'conf': 94, 'text_left': 1740, 'text_top': 1242, 'text_width': 121, 'text_height': 60}, {'text': 'के', 'conf': 96, 'text_left': 1876, 'text_top': 1242, 'text_width': 52, 'text_height': 60}, {'text': 'माध्यम', 'conf': 96, 'text_left': 1919, 'text_top': 1238, 'text_width': 177, 'text_height': 101}, {'text': 'से', 'conf': 95, 'text_left': 2099, 'text_top': 1238, 'text_width': 59, 'text_height': 78}]",10,388,108,637,31, सहायता और सहयोग करने के लिए उनके प्रति भी धन्यवाद ज्ञापित करता हूं।,21,TJEQHC+DVOTYogeshNormal,#000000,,DVOTYogeshNormal,19,,"[{'text': 'सहायता', 'conf': 96, 'text_left': 305, 'text_top': 1111, 'text_width': 197, 'text_height': 44}, {'text': 'और', 'conf': 96, 'text_left': 517, 'text_top': 1091, 'text_width': 93, 'text_height': 61}, {'text': 'सहयोग', 'conf': 96, 'text_left': 625, 'text_top': 1092, 'text_width': 180, 'text_height': 63}, {'text': 'करने', 'conf': 96, 'text_left': 819, 'text_top': 1092, 'text_width': 122, 'text_height': 60}, {'text': 'के', 'conf': 96, 'text_left': 956, 'text_top': 1078, 'text_width': 52, 'text_height': 74}, {'text': 'लिए', 'conf': 96, 'text_left': 1022, 'text_top': 1093, 'text_width': 100, 'text_height': 67}, {'text': 'उनके', 'conf': 96, 'text_left': 1137, 'text_top': 1092, 'text_width': 133, 'text_height': 60}, {'text': 'प्रति', 'conf': 95, 'text_left': 1284, 'text_top': 1093, 'text_width': 93, 'text_height': 59}, {'text': 'भी', 'conf': 96, 'text_left': 1394, 'text_top': 1094, 'text_width': 55, 'text_height': 58}, {'text': 'धन्यवाद', 'conf': 84, 'text_left': 1466, 'text_top': 1110, 'text_width': 191, 'text_height': 44}, {'text': 'ज्ञापित', 'conf': 92, 'text_left': 1672, 'text_top': 1093, 'text_width': 155, 'text_height': 63}, {'text': 'करता', 'conf': 93, 'text_left': 1842, 'text_top': 1111, 'text_width': 140, 'text_height': 41}, {'text': 'हूं।', 'conf': 84, 'text_left': 1996, 'text_top': 1098, 'text_width': 38, 'text_height': 73}]"
9,18,474,108,656,31, कार्यपालिका की जवाबदेही निर्धारित करने के अवसर से वंचित रह गए। स्वीकृत,21,TJEQHC+DVOTYogeshNormal,#000000,,DVOTYogeshNormal,19,,"[{'text': 'कार्यपालिका', 'conf': 92, 'text_left': 304, 'text_top': 1333, 'text_width': 293, 'text_height': 95}, {'text': 'की', 'conf': 92, 'text_left': 611, 'text_top': 1335, 'text_width': 69, 'text_height': 58}, {'text': 'जवाबदेही', 'conf': 85, 'text_left': 695, 'text_top': 1333, 'text_width': 232, 'text_height': 95}, {'text': 'निर्धारित', 'conf': 96, 'text_left': 941, 'text_top': 1333, 'text_width': 200, 'text_height': 95}, {'text': 'करने', 'conf': 96, 'text_left': 1156, 'text_top': 1333, 'text_width': 121, 'text_height': 60}, {'text': 'के', 'conf': 96, 'text_left': 1292, 'text_top': 1333, 'text_width': 52, 'text_height': 60}, {'text': 'अवसर', 'conf': 96, 'text_left': 1360, 'text_top': 1352, 'text_width': 158, 'text_height': 41}, {'text': 'से', 'conf': 97, 'text_left': 1533, 'text_top': 1333, 'text_width': 47, 'text_height': 60}, {'text': 'वंचित', 'conf': 96, 'text_left': 1594, 'text_top': 1334, 'text_width': 136, 'text_height': 94}, {'text': 'रह', 'conf': 93, 'text_left': 1745, 'text_top': 1352, 'text_width': 69, 'text_height': 76}, {'text': 'गए।', 'conf': 91, 'text_left': 1829, 'text_top': 1352, 'text_width': 75, 'text_height': 49}, {'text': 'स्वीकृत', 'conf': 89, 'text_left': 1913, 'text_top': 1335, 'text_width': 197, 'text_height': 93}]",11,438,169,384,31," राष्ट्रीय गीत, (वन्देमातरम्‌ की धुन बजाई गई।)",21,TJEQHC+DVOTYogeshNormal,#000000,,DVOTYogeshNormal,19,"{""index"":{""0"":0,""1"":1,""2"":2,""3"":3},""xml_index"":{""0"":11,""1"":12,""2"":13,""3"":14},""text_top"":{""0"":438,""1"":438,""2"":438,""3"":438},""text_left"":{""0"":169,""1"":281,""2"":291,""3"":542},""text_width"":{""0"":112,""1"":11,""2"":250,""3"":11},""text_height"":{""0"":31,""1"":31,""2"":31,""3"":31},""text"":{""0"":""\u0930\u093e\u0937\u094d\ufffd\u0940\u092f \u0917\u0940\u0924, "",""1"":""("",""2"":""\u0935\u0928\u094d\u0926\u0947\u092e\u093e\u0924\u0930\u092e\u094d \u0915\u0940 \u0927\u0941\u0928 \u092c\u091c\u093e\u0908 \u0917\u0908\u0964"",""3"":"")""},""font_size"":{""0"":21,""1"":21,""2"":21,""3"":21},""font_family"":{""0"":""TJEQHC+DVOTYogeshNormal"",""1"":""MBSANQ+DVOTYogeshNormal"",""2"":""TJEQHC+DVOTYogeshNormal"",""3"":""MBSANQ+DVOTYogeshNormal""},""font_color"":{""0"":""#000000"",""1"":""#000000"",""2"":""#000000"",""3"":""#000000""},""attrib"":{""0"":"""",""1"":"""",""2"":"""",""3"":""""},""font_family_updated"":{""0"":""DVOTYogeshNormal"",""1"":""DVOTYogeshNormal"",""2"":""DVOTYogeshNormal"",""3"":""DVOTYogeshNormal""},""font_size_updated"":{""0"":19,""1"":19,""2"":19,""3"":19}}","[{'text': 'राष्ट्रीय', 'conf': 96, 'text_left': 472, 'text_top': 1234, 'text_width': 169, 'text_height': 70}, {'text': 'गीत,', 'conf': 92, 'text_left': 651, 'text_top': 1234, 'text_width': 114, 'text_height': 69}, {'text': '(वन्देमातरम्\u200c', 'conf': 70, 'text_left': 790, 'text_top': 1232, 'text_width': 292, 'text_height': 80}, {'text': 'की', 'conf': 95, 'text_left': 1089, 'text_top': 1234, 'text_width': 71, 'text_height': 60}, {'text': 'धुन', 'conf': 93, 'text_left': 1174, 'text_top': 1251, 'text_width': 78, 'text_height': 61}, {'text': 'बजाई', 'conf': 89, 'text_left': 1265, 'text_top': 1232, 'text_width': 140, 'text_height': 72}, {'text': 'गई।)', 'conf': 91, 'text_left': 1416, 'text_top': 1232, 'text_width': 120, 'text_height': 80}]"
10,19,507,108,665,31, किए गए 285 तारांकित प्रश्नों में से केवल 3। का उत्तर मौखिक तौर पर दिया गया,21,TJEQHC+DVOTYogeshNormal,#000000,,DVOTYogeshNormal,19,,"[{'text': 'किए', 'conf': 95, 'text_left': 300, 'text_top': 1421, 'text_width': 106, 'text_height': 99}, {'text': 'गए', 'conf': 95, 'text_left': 400, 'text_top': 1421, 'text_width': 94, 'text_height': 99}, {'text': '285', 'conf': 96, 'text_left': 493, 'text_top': 1444, 'text_width': 106, 'text_height': 76}, {'text': 'तारांकित', 'conf': 91, 'text_left': 619, 'text_top': 1426, 'text_width': 213, 'text_height': 59}, {'text': 'प्रश्नों', 'conf': 92, 'text_left': 847, 'text_top': 1425, 'text_width': 121, 'text_height': 60}, {'text': 'में', 'conf': 97, 'text_left': 982, 'text_top': 1425, 'text_width': 39, 'text_height': 60}, {'text': 'से', 'conf': 96, 'text_left': 1035, 'text_top': 1425, 'text_width': 58, 'text_height': 95}, {'text': 'केवल', 'conf': 96, 'text_left': 1099, 'text_top': 1421, 'text_width': 137, 'text_height': 99}, {'text': '3।', 'conf': 0, 'text_left': 1248, 'text_top': 1444, 'text_width': 46, 'text_height': 42}, {'text': 'का', 'conf': 96, 'text_left': 1305, 'text_top': 1421, 'text_width': 76, 'text_height': 99}, {'text': 'उत्तर', 'conf': 95, 'text_left': 1386, 'text_top': 1444, 'text_width': 133, 'text_height': 76}, {'text': 'मौखिक', 'conf': 96, 'text_left': 1534, 'text_top': 1424, 'text_width': 178, 'text_height': 61}, {'text': 'तौर', 'conf': 96, 'text_left': 1727, 'text_top': 1425, 'text_width': 88, 'text_height': 60}, {'text': 'पर', 'conf': 95, 'text_left': 1813, 'text_top': 1422, 'text_width': 75, 'text_height': 98}, {'text': 'दिया', 'conf': 95, 'text_left': 1883, 'text_top': 1422, 'text_width': 136, 'text_height': 98}, {'text': 'गया', 'conf': 95, 'text_left': 2037, 'text_top': 1409, 'text_width': 95, 'text_height': 88}]",15,489,174,517,31, श्री सभापति : सभा अनियत तिथि के लिए स्थगित की जाती है।,21,TJEQHC+DVOTYogeshNormal,#000000,,DVOTYogeshNormal,19,,"[{'text': 'श्री', 'conf': 95, 'text_left': 490, 'text_top': 1376, 'text_width': 63, 'text_height': 60}, {'text': 'सभापति', 'conf': 86, 'text_left': 567, 'text_top': 1375, 'text_width': 198, 'text_height': 61}, {'text': ':', 'conf': 86, 'text_left': 783, 'text_top': 1399, 'text_width': 12, 'text_height': 31}, {'text': 'सभा', 'conf': 92, 'text_left': 811, 'text_top': 1393, 'text_width': 103, 'text_height': 42}, {'text': 'अनियत', 'conf': 90, 'text_left': 929, 'text_top': 1376, 'text_width': 180, 'text_height': 59}, {'text': 'तिथि', 'conf': 95, 'text_left': 1123, 'text_top': 1376, 'text_width': 117, 'text_height': 59}, {'text': 'के', 'conf': 96, 'text_left': 1254, 'text_top': 1375, 'text_width': 52, 'text_height': 60}, {'text': 'लिए', 'conf': 96, 'text_left': 1320, 'text_top': 1376, 'text_width': 100, 'text_height': 67}, {'text': 'स्थगित', 'conf': 91, 'text_left': 1434, 'text_top': 1376, 'text_width': 169, 'text_height': 59}, {'text': 'की', 'conf': 95, 'text_left': 1617, 'text_top': 1377, 'text_width': 69, 'text_height': 58}, {'text': 'जाती', 'conf': 93, 'text_left': 1701, 'text_top': 1377, 'text_width': 123, 'text_height': 58}, {'text': 'है।', 'conf': 92, 'text_left': 1839, 'text_top': 1375, 'text_width': 51, 'text_height': 63}]"
11,20,540,108,629,31, और 3 दिनों तक प्रश्नकाल नहीं हो सका। संपूर्ण सत्र के दौरान सभापीठ की,21,TJEQHC+DVOTYogeshNormal,#000000,,DVOTYogeshNormal,19,,"[{'text': 'और', 'conf': 96, 'text_left': 305, 'text_top': 1516, 'text_width': 93, 'text_height': 60}, {'text': '3', 'conf': 0, 'text_left': 417, 'text_top': 1535, 'text_width': 48, 'text_height': 77}, {'text': 'दिनों', 'conf': 93, 'text_left': 483, 'text_top': 1516, 'text_width': 113, 'text_height': 96}, {'text': 'तक', 'conf': 93, 'text_left': 611, 'text_top': 1535, 'text_width': 91, 'text_height': 41}, {'text': 'प्रश्नकाल', 'conf': 90, 'text_left': 717, 'text_top': 1535, 'text_width': 223, 'text_height': 77}, {'text': 'नहीं', 'conf': 96, 'text_left': 950, 'text_top': 1518, 'text_width': 93, 'text_height': 61}, {'text': 'हो', 'conf': 93, 'text_left': 1058, 'text_top': 1516, 'text_width': 55, 'text_height': 63}, {'text': 'सका।', 'conf': 90, 'text_left': 1127, 'text_top': 1535, 'text_width': 115, 'text_height': 41}, {'text': 'संपूर्ण', 'conf': 95, 'text_left': 1251, 'text_top': 1516, 'text_width': 149, 'text_height': 96}, {'text': 'सत्र', 'conf': 95, 'text_left': 1415, 'text_top': 1535, 'text_width': 88, 'text_height': 41}, {'text': 'के', 'conf': 96, 'text_left': 1518, 'text_top': 1516, 'text_width': 52, 'text_height': 60}, {'text': 'दौरान', 'conf': 93, 'text_left': 1585, 'text_top': 1515, 'text_width': 144, 'text_height': 97}, {'text': 'सभापीठ', 'conf': 91, 'text_left': 1744, 'text_top': 1518, 'text_width': 219, 'text_height': 94}, {'text': 'की', 'conf': 95, 'text_left': 1969, 'text_top': 1518, 'text_width': 69, 'text_height': 58}]",16,591,437,79,31, न न OK Ok न,21,MBSANQ+DVOTYogeshNormal,#000000,,DVOTYogeshNormal,19,,"[{'text': 'न', 'conf': 80, 'text_left': 1229, 'text_top': 1663, 'text_width': 27, 'text_height': 27}, {'text': 'न', 'conf': 77, 'text_left': 1273, 'text_top': 1663, 'text_width': 27, 'text_height': 27}, {'text': 'OK', 'conf': 77, 'text_left': 1317, 'text_top': 1663, 'text_width': 27, 'text_height': 27}, {'text': 'Ok', 'conf': 75, 'text_left': 1361, 'text_top': 1663, 'text_width': 27, 'text_height': 27}, {'text': 'न', 'conf': 50, 'text_left': 1405, 'text_top': 1663, 'text_width': 27, 'text_height': 27}]"
12,21,573,108,641,31, अनुमति से सदस्यों द्वारा केवल 38 मामले उठाए गए जबकि केवल १6 विशेष,21,TJEQHC+DVOTYogeshNormal,#000000,,DVOTYogeshNormal,19,,"[{'text': 'अनुमति', 'conf': 96, 'text_left': 305, 'text_top': 1607, 'text_width': 179, 'text_height': 96}, {'text': 'से', 'conf': 96, 'text_left': 499, 'text_top': 1606, 'text_width': 47, 'text_height': 97}, {'text': 'सदस्यों', 'conf': 90, 'text_left': 590, 'text_top': 1606, 'text_width': 173, 'text_height': 97}, {'text': 'द्वारा', 'conf': 96, 'text_left': 777, 'text_top': 1625, 'text_width': 106, 'text_height': 48}, {'text': 'केवल', 'conf': 95, 'text_left': 926, 'text_top': 1606, 'text_width': 135, 'text_height': 60}, {'text': '38', 'conf': 96, 'text_left': 1077, 'text_top': 1625, 'text_width': 56, 'text_height': 41}, {'text': 'मामले', 'conf': 96, 'text_left': 1150, 'text_top': 1606, 'text_width': 142, 'text_height': 60}, {'text': 'उठाए', 'conf': 95, 'text_left': 1306, 'text_top': 1592, 'text_width': 136, 'text_height': 82}, {'text': 'गए', 'conf': 96, 'text_left': 1457, 'text_top': 1625, 'text_width': 75, 'text_height': 49}, {'text': 'जबकि', 'conf': 96, 'text_left': 1547, 'text_top': 1607, 'text_width': 153, 'text_height': 59}, {'text': 'केवल', 'conf': 92, 'text_left': 1715, 'text_top': 1606, 'text_width': 135, 'text_height': 60}, {'text': '१6', 'conf': 0, 'text_left': 1868, 'text_top': 1625, 'text_width': 49, 'text_height': 41}, {'text': 'विशेष', 'conf': 96, 'text_left': 1934, 'text_top': 1606, 'text_width': 137, 'text_height': 60}]",,,,,,,,,,,,,,
13,22,605,108,192,31, उल्लेख किए जा सके।,21,TJEQHC+DVOTYogeshNormal,#000000,,DVOTYogeshNormal,19,,"[{'text': 'उल्लेख', 'conf': 68, 'text_left': 304, 'text_top': 1681, 'text_width': 174, 'text_height': 76}, {'text': 'किए', 'conf': 96, 'text_left': 493, 'text_top': 1698, 'text_width': 104, 'text_height': 67}, {'text': 'जा', 'conf': 92, 'text_left': 612, 'text_top': 1716, 'text_width': 68, 'text_height': 41}, {'text': 'सके।', 'conf': 89, 'text_left': 694, 'text_top': 1697, 'text_width': 112, 'text_height': 60}]",,,,,,,,,,,,,,
14,23,656,108,677,31, सभा में सतत्‌ व्यवधान के कारण सदस्य कुछ राज्यों में 'गाजा' और 'तितली',21,TJEQHC+DVOTYogeshNormal,#000000,,DVOTYogeshNormal,19,"{""index"":{""0"":0,""1"":1,""2"":2,""3"":3,""4"":4,""5"":5,""6"":6,""7"":7},""xml_index"":{""0"":23,""1"":24,""2"":25,""3"":26,""4"":27,""5"":28,""6"":29,""7"":30},""text_top"":{""0"":656,""1"":656,""2"":656,""3"":656,""4"":656,""5"":656,""6"":656,""7"":656},""text_left"":{""0"":108,""1"":612,""2"":619,""3"":663,""4"":669,""5"":715,""6"":722,""7"":779},""text_width"":{""0"":449,""1"":6,""2"":44,""3"":6,""4"":45,""5"":6,""6"":57,""7"":6},""text_height"":{""0"":31,""1"":31,""2"":31,""3"":31,""4"":31,""5"":31,""6"":31,""7"":31},""text"":{""0"":"" \u0938\u092d\u093e \u092e\u0947\u0902 \u0938\u0924\u0924\u094d \u0935\u094d\u092f\u0935\u0927\u093e\u0928 \u0915\u0947 \u0915\u093e\u0930\u0923 \u0938\u0926\u0938\u094d\u092f \u0915\u0941\u091b \u0930\u093e\u091c\u094d\u092f\u094b\u0902 \u092e\u0947\u0902 "",""1"":""'"",""2"":""\u0917\u093e\u091c\u093e"",""3"":""'"",""4"":"" \u0914\u0930 "",""5"":""'"",""6"":""\u093f\u0924\u0924\u0932\u0940"",""7"":""'""},""font_size"":{""0"":21,""1"":21,""2"":21,""3"":21,""4"":21,""5"":21,""6"":21,""7"":21},""font_family"":{""0"":""TJEQHC+DVOTYogeshNormal"",""1"":""MBSANQ+DVOTYogeshNormal"",""2"":""TJEQHC+DVOTYogeshNormal"",""3"":""MBSANQ+DVOTYogeshNormal"",""4"":""TJEQHC+DVOTYogeshNormal"",""5"":""MBSANQ+DVOTYogeshNormal"",""6"":""TJEQHC+DVOTYogeshNormal"",""7"":""MBSANQ+DVOTYogeshNormal""},""font_color"":{""0"":""#000000"",""1"":""#000000"",""2"":""#000000"",""3"":""#000000"",""4"":""#000000"",""5"":""#000000"",""6"":""#000000"",""7"":""#000000""},""attrib"":{""0"":"""",""1"":"""",""2"":"""",""3"":"""",""4"":"""",""5"":"""",""6"":"""",""7"":""""},""font_family_updated"":{""0"":""DVOTYogeshNormal"",""1"":""DVOTYogeshNormal"",""2"":""DVOTYogeshNormal"",""3"":""DVOTYogeshNormal"",""4"":""DVOTYogeshNormal"",""5"":""DVOTYogeshNormal"",""6"":""DVOTYogeshNormal"",""7"":""DVOTYogeshNormal""},""font_size_updated"":{""0"":19,""1"":19,""2"":19,""3"":19,""4"":19,""5"":19,""6"":19,""7"":19}}","[{'text': 'सभा', 'conf': 96, 'text_left': 320, 'text_top': 1857, 'text_width': 103, 'text_height': 42}, {'text': 'में', 'conf': 93, 'text_left': 403, 'text_top': 1835, 'text_width': 87, 'text_height': 100}, {'text': 'सतत्\u200c', 'conf': 79, 'text_left': 491, 'text_top': 1858, 'text_width': 127, 'text_height': 77}, {'text': 'व्यवधान', 'conf': 87, 'text_left': 631, 'text_top': 1857, 'text_width': 189, 'text_height': 78}, {'text': 'के', 'conf': 95, 'text_left': 835, 'text_top': 1839, 'text_width': 52, 'text_height': 60}, {'text': 'कारण', 'conf': 95, 'text_left': 902, 'text_top': 1858, 'text_width': 145, 'text_height': 77}, {'text': 'सदस्य', 'conf': 82, 'text_left': 1062, 'text_top': 1835, 'text_width': 136, 'text_height': 100}, {'text': 'कुछ', 'conf': 96, 'text_left': 1219, 'text_top': 1835, 'text_width': 91, 'text_height': 100}, {'text': 'राज्यों', 'conf': 93, 'text_left': 1346, 'text_top': 1839, 'text_width': 138, 'text_height': 96}, {'text': 'में', 'conf': 77, 'text_left': 1499, 'text_top': 1839, 'text_width': 39, 'text_height': 60}, {'text': ""'गाजा'"", 'conf': 91, 'text_left': 1713, 'text_top': 1850, 'text_width': 147, 'text_height': 85}, {'text': 'और', 'conf': 93, 'text_left': 1880, 'text_top': 1839, 'text_width': 93, 'text_height': 60}, {'text': ""'तितली'"", 'conf': 91, 'text_left': 2000, 'text_top': 1840, 'text_width': 183, 'text_height': 95}]",,,,,,,,,,,,,,
15,31,689,108,684,31, चक्रवातों के कारण हुई तबाही से पैदा हुई स्थिति और इस संबंध में सरकार द्वारा की,21,TJEQHC+DVOTYogeshNormal,#000000,,DVOTYogeshNormal,19,,"[{'text': 'चक्रवातों', 'conf': 90, 'text_left': 305, 'text_top': 1929, 'text_width': 203, 'text_height': 97}, {'text': 'के', 'conf': 97, 'text_left': 523, 'text_top': 1929, 'text_width': 52, 'text_height': 60}, {'text': 'कारण', 'conf': 95, 'text_left': 589, 'text_top': 1915, 'text_width': 142, 'text_height': 111}, {'text': 'हुई', 'conf': 96, 'text_left': 749, 'text_top': 1929, 'text_width': 73, 'text_height': 78}, {'text': 'तबाही', 'conf': 96, 'text_left': 828, 'text_top': 1931, 'text_width': 155, 'text_height': 95}, {'text': 'से', 'conf': 96, 'text_left': 997, 'text_top': 1929, 'text_width': 47, 'text_height': 60}, {'text': 'पैदा', 'conf': 96, 'text_left': 1058, 'text_top': 1929, 'text_width': 93, 'text_height': 97}, {'text': 'हुई', 'conf': 94, 'text_left': 1165, 'text_top': 1929, 'text_width': 73, 'text_height': 78}, {'text': 'स्थिति', 'conf': 93, 'text_left': 1247, 'text_top': 1915, 'text_width': 156, 'text_height': 111}, {'text': 'और', 'conf': 96, 'text_left': 1416, 'text_top': 1929, 'text_width': 93, 'text_height': 60}, {'text': 'इस', 'conf': 96, 'text_left': 1519, 'text_top': 1948, 'text_width': 87, 'text_height': 78}, {'text': 'संबंध', 'conf': 96, 'text_left': 1620, 'text_top': 1935, 'text_width': 119, 'text_height': 54}, {'text': 'में', 'conf': 95, 'text_left': 1754, 'text_top': 1929, 'text_width': 39, 'text_height': 60}, {'text': 'सरकार', 'conf': 96, 'text_left': 1808, 'text_top': 1948, 'text_width': 177, 'text_height': 78}, {'text': 'द्वारा', 'conf': 96, 'text_left': 1995, 'text_top': 1948, 'text_width': 111, 'text_height': 78}, {'text': 'की', 'conf': 96, 'text_left': 2120, 'text_top': 1931, 'text_width': 69, 'text_height': 58}]",,,,,,,,,,,,,,
16,32,722,108,663,31, गई कार्रवाई के संबंध में ध्यानाकर्षण मामलों में गृह मंत्री के वक्तव्य को सुनने और,21,TJEQHC+DVOTYogeshNormal,#000000,,DVOTYogeshNormal,19,,"[{'text': 'गई', 'conf': 96, 'text_left': 305, 'text_top': 2019, 'text_width': 75, 'text_height': 69}, {'text': 'कार्रवाई', 'conf': 95, 'text_left': 394, 'text_top': 2019, 'text_width': 189, 'text_height': 98}, {'text': 'के', 'conf': 96, 'text_left': 597, 'text_top': 2019, 'text_width': 52, 'text_height': 60}, {'text': 'संबंध', 'conf': 96, 'text_left': 664, 'text_top': 2025, 'text_width': 119, 'text_height': 92}, {'text': 'में', 'conf': 93, 'text_left': 766, 'text_top': 2015, 'text_width': 71, 'text_height': 102}, {'text': 'ध्यानाकर्षण', 'conf': 87, 'text_left': 841, 'text_top': 2019, 'text_width': 278, 'text_height': 98}, {'text': 'मामलों', 'conf': 95, 'text_left': 1133, 'text_top': 2019, 'text_width': 159, 'text_height': 60}, {'text': 'में', 'conf': 95, 'text_left': 1306, 'text_top': 2019, 'text_width': 39, 'text_height': 60}, {'text': 'गृह', 'conf': 96, 'text_left': 1360, 'text_top': 2038, 'text_width': 77, 'text_height': 59}, {'text': 'मंत्री', 'conf': 96, 'text_left': 1452, 'text_top': 2021, 'text_width': 99, 'text_height': 58}, {'text': 'के', 'conf': 97, 'text_left': 1565, 'text_top': 2019, 'text_width': 52, 'text_height': 60}, {'text': 'वक्तव्य', 'conf': 51, 'text_left': 1632, 'text_top': 2038, 'text_width': 169, 'text_height': 41}, {'text': 'को', 'conf': 96, 'text_left': 1815, 'text_top': 2019, 'text_width': 69, 'text_height': 60}, {'text': 'सुनने', 'conf': 96, 'text_left': 1899, 'text_top': 2019, 'text_width': 123, 'text_height': 78}, {'text': 'और', 'conf': 96, 'text_left': 2038, 'text_top': 2019, 'text_width': 93, 'text_height': 60}]",,,,,,,,,,,,,,
17,33,754,108,305,31, स्पष्टीकरण मांगने से वंचित रह गए।,21,TJEQHC+DVOTYogeshNormal,#000000,,DVOTYogeshNormal,19,,"[{'text': 'स्पष्टीकरण', 'conf': 93, 'text_left': 305, 'text_top': 2112, 'text_width': 268, 'text_height': 58}, {'text': 'मांगने', 'conf': 95, 'text_left': 588, 'text_top': 2110, 'text_width': 134, 'text_height': 60}, {'text': 'से', 'conf': 96, 'text_left': 737, 'text_top': 2110, 'text_width': 47, 'text_height': 60}, {'text': 'वंचित', 'conf': 95, 'text_left': 798, 'text_top': 2111, 'text_width': 135, 'text_height': 59}, {'text': 'रह', 'conf': 93, 'text_left': 948, 'text_top': 2129, 'text_width': 70, 'text_height': 44}, {'text': 'गए।', 'conf': 92, 'text_left': 1032, 'text_top': 2129, 'text_width': 75, 'text_height': 49}]",,,,,,,,,,,,,,
18,34,805,108,674,31," 4 सरकारी विधेयक पारित किए गए... ,5 सरकारी विधेयक पुरःस्थापित किए",21,TJEQHC+DVOTYogeshNormal,#000000,,DVOTYogeshNormal,19,"{""index"":{""0"":0,""1"":1,""2"":2,""3"":3,""4"":4},""xml_index"":{""0"":34,""1"":35,""2"":36,""3"":37,""4"":38},""text_top"":{""0"":805,""1"":805,""2"":805,""3"":805,""4"":805},""text_left"":{""0"":108,""1"":460,""2"":468,""3"":660,""4"":668},""text_width"":{""0"":295,""1"":8,""2"":192,""3"":8,""4"":114},""text_height"":{""0"":31,""1"":31,""2"":31,""3"":31,""4"":31},""text"":{""0"":"" 4 \u0938\u0930\u0915\u093e\u0930\u0940 \u093f\u0935\u0927\u0947\u092f\u0915 \u092a\u093e\u093f\u0930\u0924 \u093f\u0915\u090f \u0917\u090f"",""1"":"","",""2"":"" 5 \u0938\u0930\u0915\u093e\u0930\u0940 \u093f\u0935\u0927\u0947\u092f\u0915 \u092a\u0941\u0930"",""3"":"":"",""4"":""\u0938\u094d\u0925\u093e\u093f\u092a\u0924 \u093f\u0915\u090f ""},""font_size"":{""0"":21,""1"":21,""2"":21,""3"":21,""4"":21},""font_family"":{""0"":""TJEQHC+DVOTYogeshNormal"",""1"":""MBSANQ+DVOTYogeshNormal"",""2"":""TJEQHC+DVOTYogeshNormal"",""3"":""MBSANQ+DVOTYogeshNormal"",""4"":""TJEQHC+DVOTYogeshNormal""},""font_color"":{""0"":""#000000"",""1"":""#000000"",""2"":""#000000"",""3"":""#000000"",""4"":""#000000""},""attrib"":{""0"":"""",""1"":"""",""2"":"""",""3"":"""",""4"":""""},""font_family_updated"":{""0"":""DVOTYogeshNormal"",""1"":""DVOTYogeshNormal"",""2"":""DVOTYogeshNormal"",""3"":""DVOTYogeshNormal"",""4"":""DVOTYogeshNormal""},""font_size_updated"":{""0"":19,""1"":19,""2"":19,""3"":19,""4"":19}}","[{'text': '4', 'conf': 75, 'text_left': 321, 'text_top': 2271, 'text_width': 28, 'text_height': 40}, {'text': 'सरकारी', 'conf': 96, 'text_left': 345, 'text_top': 2247, 'text_width': 209, 'text_height': 101}, {'text': 'विधेयक', 'conf': 95, 'text_left': 559, 'text_top': 2247, 'text_width': 203, 'text_height': 101}, {'text': 'पारित', 'conf': 96, 'text_left': 752, 'text_top': 2248, 'text_width': 169, 'text_height': 100}, {'text': 'किए', 'conf': 96, 'text_left': 933, 'text_top': 2248, 'text_width': 113, 'text_height': 100}, {'text': 'गए...', 'conf': 42, 'text_left': 1049, 'text_top': 2270, 'text_width': 209, 'text_height': 78}, {'text': ',5', 'conf': 76, 'text_left': 1290, 'text_top': 2270, 'text_width': 67, 'text_height': 78}, {'text': 'सरकारी', 'conf': 96, 'text_left': 1366, 'text_top': 2253, 'text_width': 194, 'text_height': 95}, {'text': 'विधेयक', 'conf': 95, 'text_left': 1575, 'text_top': 2247, 'text_width': 186, 'text_height': 101}, {'text': 'पुरःस्थापित', 'conf': 61, 'text_left': 1773, 'text_top': 2252, 'text_width': 270, 'text_height': 96}, {'text': 'किए', 'conf': 93, 'text_left': 2058, 'text_top': 2252, 'text_width': 116, 'text_height': 96}]",,,,,,,,,,,,,,
19,39,838,108,683,31," गए और 4 विधेयक वापस लिए गए। सभा ने ऐतिहासिक विधेयक , संविधान (एक सौ",21,TJEQHC+DVOTYogeshNormal,#000000,,DVOTYogeshNormal,19,"{""index"":{""0"":0,""1"":1,""2"":2},""xml_index"":{""0"":39,""1"":40,""2"":41},""text_top"":{""0"":838,""1"":838,""2"":838},""text_left"":{""0"":108,""1"":715,""2"":726},""text_width"":{""0"":608,""1"":11,""2"":65},""text_height"":{""0"":31,""1"":31,""2"":31},""text"":{""0"":""\u0917\u090f \u0914\u0930 4 \u093f\u0935\u0927\u0947\u092f\u0915 \u0935\u093e\u092a\u0938 \u093f\u0932\u090f \u0917\u090f\u0964 \u0938\u092d\u093e \u0928\u0947 \u0910\u093f\u0924\u0939\u093e\u093f\u0938\u0915 \u093f\u0935\u0927\u0947\u092f\u0915, \u0938\u0902\u093f\u0935\u0927\u093e\u0928 "",""1"":""("",""2"":""\u090f\u0915 \u0938\u094c ""},""font_size"":{""0"":21,""1"":21,""2"":21},""font_family"":{""0"":""TJEQHC+DVOTYogeshNormal"",""1"":""MBSANQ+DVOTYogeshNormal"",""2"":""TJEQHC+DVOTYogeshNormal""},""font_color"":{""0"":""#000000"",""1"":""#000000"",""2"":""#000000""},""attrib"":{""0"":"""",""1"":"""",""2"":""""},""font_family_updated"":{""0"":""DVOTYogeshNormal"",""1"":""DVOTYogeshNormal"",""2"":""DVOTYogeshNormal""},""font_size_updated"":{""0"":19,""1"":19,""2"":19}}","[{'text': 'गए', 'conf': 95, 'text_left': 300, 'text_top': 2339, 'text_width': 80, 'text_height': 102}, {'text': 'और', 'conf': 96, 'text_left': 385, 'text_top': 2343, 'text_width': 95, 'text_height': 98}, {'text': '4', 'conf': 93, 'text_left': 504, 'text_top': 2363, 'text_width': 29, 'text_height': 78}, {'text': 'विधेयक', 'conf': 96, 'text_left': 534, 'text_top': 2339, 'text_width': 192, 'text_height': 102}, {'text': 'वापस', 'conf': 95, 'text_left': 725, 'text_top': 2339, 'text_width': 154, 'text_height': 102}, {'text': 'लिए', 'conf': 93, 'text_left': 898, 'text_top': 2344, 'text_width': 100, 'text_height': 67}, {'text': 'गए।', 'conf': 91, 'text_left': 1013, 'text_top': 2361, 'text_width': 89, 'text_height': 50}, {'text': 'सभा', 'conf': 96, 'text_left': 1120, 'text_top': 2340, 'text_width': 91, 'text_height': 101}, {'text': 'ने', 'conf': 96, 'text_left': 1238, 'text_top': 2343, 'text_width': 39, 'text_height': 60}, {'text': 'ऐतिहासिक', 'conf': 96, 'text_left': 1292, 'text_top': 2343, 'text_width': 260, 'text_height': 68}, {'text': 'विधेयक', 'conf': 95, 'text_left': 1560, 'text_top': 2339, 'text_width': 188, 'text_height': 102}, {'text': ',', 'conf': 50, 'text_left': 1756, 'text_top': 2393, 'text_width': 22, 'text_height': 48}, {'text': 'संविधान', 'conf': 96, 'text_left': 1787, 'text_top': 2339, 'text_width': 188, 'text_height': 102}, {'text': '(एक', 'conf': 95, 'text_left': 1999, 'text_top': 2339, 'text_width': 105, 'text_height': 102}, {'text': 'सौ', 'conf': 95, 'text_left': 2106, 'text_top': 2339, 'text_width': 77, 'text_height': 102}]",,,,,,,,,,,,,,
20,42,871,108,680,31," चौबीसवां संशोधन) विधेयक , 2079, लोक सभा द्वारा पारित रूप में, पर आठ घंटे से",21,TJEQHC+DVOTYogeshNormal,#000000,,DVOTYogeshNormal,19,"{""index"":{""0"":0,""1"":1,""2"":2,""3"":3,""4"":4},""xml_index"":{""0"":42,""1"":43,""2"":44,""3"":45,""4"":46},""text_top"":{""0"":871,""1"":871,""2"":871,""3"":871,""4"":871},""text_left"":{""0"":108,""1"":256,""2"":267,""3"":352,""4"":393},""text_width"":{""0"":148,""1"":11,""2"":85,""3"":41,""4"":395},""text_height"":{""0"":31,""1"":31,""2"":31,""3"":31,""4"":31},""text"":{""0"":""\u091a\u094c\u092c\u0940\u0938\u0935\u093e\u0902 \u0938\u0902\u0936\u094b\u0927\u0928"",""1"":"")"",""2"":"" \u093f\u0935\u0927\u0947\u092f\u0915, "",""3"":""2019"",""4"":"", \u0932\u094b\u0915 \u0938\u092d\u093e \ufffd\u093e\u0930\u093e \u092a\u093e\u093f\u0930\u0924 \ufffd\u092a \u092e\u0947\u0902, \u092a\u0930 \u0906\u0920 \u0918\u0902\u091f\u0947 \u0938\u0947 ""},""font_size"":{""0"":21,""1"":21,""2"":21,""3"":21,""4"":21},""font_family"":{""0"":""TJEQHC+DVOTYogeshNormal"",""1"":""MBSANQ+DVOTYogeshNormal"",""2"":""TJEQHC+DVOTYogeshNormal"",""3"":""MBSANQ+DVOTYogeshNormal"",""4"":""TJEQHC+DVOTYogeshNormal""},""font_color"":{""0"":""#000000"",""1"":""#000000"",""2"":""#000000"",""3"":""#000000"",""4"":""#000000""},""attrib"":{""0"":"""",""1"":"""",""2"":"""",""3"":"""",""4"":""""},""font_family_updated"":{""0"":""DVOTYogeshNormal"",""1"":""DVOTYogeshNormal"",""2"":""DVOTYogeshNormal"",""3"":""DVOTYogeshNormal"",""4"":""DVOTYogeshNormal""},""font_size_updated"":{""0"":19,""1"":19,""2"":19,""3"":19,""4"":19}}","[{'text': 'चौबीसवां', 'conf': 89, 'text_left': 300, 'text_top': 2429, 'text_width': 207, 'text_height': 103}, {'text': 'संशोधन)', 'conf': 95, 'text_left': 510, 'text_top': 2430, 'text_width': 233, 'text_height': 85}, {'text': 'विधेयक', 'conf': 96, 'text_left': 744, 'text_top': 2430, 'text_width': 192, 'text_height': 102}, {'text': ',', 'conf': 52, 'text_left': 951, 'text_top': 2484, 'text_width': 16, 'text_height': 48}, {'text': '2079,', 'conf': 0, 'text_left': 983, 'text_top': 2453, 'text_width': 112, 'text_height': 41}, {'text': 'लोक', 'conf': 52, 'text_left': 1121, 'text_top': 2430, 'text_width': 124, 'text_height': 102}, {'text': 'सभा', 'conf': 96, 'text_left': 1263, 'text_top': 2452, 'text_width': 103, 'text_height': 42}, {'text': 'द्वारा', 'conf': 96, 'text_left': 1381, 'text_top': 2453, 'text_width': 105, 'text_height': 79}, {'text': 'पारित', 'conf': 96, 'text_left': 1484, 'text_top': 2431, 'text_width': 152, 'text_height': 101}, {'text': 'रूप', 'conf': 96, 'text_left': 1656, 'text_top': 2453, 'text_width': 87, 'text_height': 41}, {'text': 'में,', 'conf': 95, 'text_left': 1757, 'text_top': 2434, 'text_width': 57, 'text_height': 69}, {'text': 'पर', 'conf': 96, 'text_left': 1809, 'text_top': 2430, 'text_width': 97, 'text_height': 102}, {'text': 'आठ', 'conf': 96, 'text_left': 1911, 'text_top': 2430, 'text_width': 97, 'text_height': 102}, {'text': 'घंटे', 'conf': 96, 'text_left': 2033, 'text_top': 2434, 'text_width': 83, 'text_height': 60}, {'text': 'से', 'conf': 97, 'text_left': 2131, 'text_top': 2434, 'text_width': 47, 'text_height': 60}]",,,,,,,,,,,,,,
21,47,903,108,684,31, अधिक समय तक चर्चा की और इसमें 39 सदस्यों ने भाग लिया | राष्ट्रपति द्वारा जम्मू,21,TJEQHC+DVOTYogeshNormal,#000000,,DVOTYogeshNormal,19,,"[{'text': 'अधिक', 'conf': 95, 'text_left': 300, 'text_top': 2521, 'text_width': 152, 'text_height': 100}, {'text': 'समय', 'conf': 95, 'text_left': 473, 'text_top': 2544, 'text_width': 125, 'text_height': 77}, {'text': 'तक', 'conf': 96, 'text_left': 612, 'text_top': 2544, 'text_width': 92, 'text_height': 41}, {'text': 'चर्चा', 'conf': 89, 'text_left': 701, 'text_top': 2521, 'text_width': 120, 'text_height': 100}, {'text': 'की', 'conf': 96, 'text_left': 836, 'text_top': 2527, 'text_width': 69, 'text_height': 58}, {'text': 'और', 'conf': 95, 'text_left': 920, 'text_top': 2525, 'text_width': 93, 'text_height': 60}, {'text': 'इसमें', 'conf': 95, 'text_left': 999, 'text_top': 2521, 'text_width': 144, 'text_height': 100}, {'text': '39', 'conf': 96, 'text_left': 1165, 'text_top': 2544, 'text_width': 53, 'text_height': 41}, {'text': 'सदस्यों', 'conf': 87, 'text_left': 1215, 'text_top': 2521, 'text_width': 196, 'text_height': 100}, {'text': 'ने', 'conf': 95, 'text_left': 1426, 'text_top': 2525, 'text_width': 39, 'text_height': 60}, {'text': 'भाग', 'conf': 96, 'text_left': 1482, 'text_top': 2543, 'text_width': 94, 'text_height': 42}, {'text': 'लिया', 'conf': 95, 'text_left': 1591, 'text_top': 2522, 'text_width': 120, 'text_height': 99}, {'text': '|', 'conf': 85, 'text_left': 1721, 'text_top': 2543, 'text_width': 5, 'text_height': 42}, {'text': 'राष्ट्रपति', 'conf': 94, 'text_left': 1727, 'text_top': 2521, 'text_width': 220, 'text_height': 100}, {'text': 'द्वारा', 'conf': 95, 'text_left': 1958, 'text_top': 2544, 'text_width': 106, 'text_height': 48}, {'text': 'जम्मू', 'conf': 91, 'text_left': 2072, 'text_top': 2544, 'text_width': 120, 'text_height': 77}]",,,,,,,,,,,,,,
22,48,936,108,683,31, और कश्मीर राज्य के संबंध में भारत के संविधान के अनुच्छेद 356 के तहत जारी की,21,TJEQHC+DVOTYogeshNormal,#000000,,DVOTYogeshNormal,19,,"[{'text': 'और', 'conf': 95, 'text_left': 300, 'text_top': 2611, 'text_width': 91, 'text_height': 101}, {'text': 'कश्मीर', 'conf': 95, 'text_left': 384, 'text_top': 2611, 'text_width': 184, 'text_height': 101}, {'text': 'राज्य', 'conf': 95, 'text_left': 573, 'text_top': 2611, 'text_width': 139, 'text_height': 101}, {'text': 'के', 'conf': 96, 'text_left': 724, 'text_top': 2615, 'text_width': 58, 'text_height': 97}, {'text': 'संबंध', 'conf': 94, 'text_left': 776, 'text_top': 2611, 'text_width': 143, 'text_height': 101}, {'text': 'में', 'conf': 96, 'text_left': 934, 'text_top': 2615, 'text_width': 39, 'text_height': 60}, {'text': 'भारत', 'conf': 96, 'text_left': 990, 'text_top': 2633, 'text_width': 126, 'text_height': 42}, {'text': 'के', 'conf': 95, 'text_left': 1131, 'text_top': 2615, 'text_width': 52, 'text_height': 60}, {'text': 'संविधान', 'conf': 96, 'text_left': 1180, 'text_top': 2611, 'text_width': 209, 'text_height': 101}, {'text': 'के', 'conf': 95, 'text_left': 1386, 'text_top': 2611, 'text_width': 71, 'text_height': 77}, {'text': 'अनुच्छेद', 'conf': 96, 'text_left': 1456, 'text_top': 2611, 'text_width': 213, 'text_height': 101}, {'text': '356', 'conf': 73, 'text_left': 1686, 'text_top': 2634, 'text_width': 87, 'text_height': 41}, {'text': 'के', 'conf': 96, 'text_left': 1789, 'text_top': 2615, 'text_width': 52, 'text_height': 60}, {'text': 'तहत', 'conf': 95, 'text_left': 1856, 'text_top': 2634, 'text_width': 116, 'text_height': 44}, {'text': 'जारी', 'conf': 96, 'text_left': 1970, 'text_top': 2611, 'text_width': 127, 'text_height': 101}, {'text': 'की', 'conf': 94, 'text_left': 2089, 'text_top': 2611, 'text_width': 98, 'text_height': 77}]",,,,,,,,,,,,,,
23,49,969,108,395,31, गई उद्घोषणा संबंधी परिनियत संकल्प पर भी 2,21,TJEQHC+DVOTYogeshNormal,#000000,,DVOTYogeshNormal,19,,"[{'text': 'गई', 'conf': 94, 'text_left': 300, 'text_top': 2702, 'text_width': 78, 'text_height': 102}, {'text': 'उद्घोषणा', 'conf': 87, 'text_left': 394, 'text_top': 2702, 'text_width': 207, 'text_height': 102}, {'text': 'संबंधी', 'conf': 95, 'text_left': 603, 'text_top': 2702, 'text_width': 151, 'text_height': 75}, {'text': 'परिनियत', 'conf': 92, 'text_left': 768, 'text_top': 2702, 'text_width': 213, 'text_height': 102}, {'text': 'संकल्प', 'conf': 81, 'text_left': 990, 'text_top': 2702, 'text_width': 176, 'text_height': 102}, {'text': 'पर', 'conf': 96, 'text_left': 1180, 'text_top': 2725, 'text_width': 67, 'text_height': 41}, {'text': 'भी', 'conf': 94, 'text_left': 1264, 'text_top': 2708, 'text_width': 55, 'text_height': 58}, {'text': '2', 'conf': 96, 'text_left': 1355, 'text_top': 2725, 'text_width': 28, 'text_height': 79}]",,,,,,,,,,,,,,
24,50,977,505,16,19, 2.0,21,TimesNewRomanPSMT,#000000,,TimesNewRomanPSMT,19,,"[{'text': '2.0', 'conf': 0.0, 'text_left': 1411, 'text_top': 2726, 'text_width': 38, 'text_height': 42}]",,,,,,,,,,,,,,
25,51,969,521,264,31, . से अधिक समय तक चर्चा की,21,TJEQHC+DVOTYogeshNormal,#000000,,DVOTYogeshNormal,19,,"[{'text': '.', 'conf': 0, 'text_left': 1447, 'text_top': 2750, 'text_width': 2, 'text_height': 17}, {'text': 'से', 'conf': 95, 'text_left': 1509, 'text_top': 2706, 'text_width': 47, 'text_height': 60}, {'text': 'अधिक', 'conf': 95, 'text_left': 1571, 'text_top': 2707, 'text_width': 152, 'text_height': 59}, {'text': 'समय', 'conf': 94, 'text_left': 1738, 'text_top': 2725, 'text_width': 125, 'text_height': 79}, {'text': 'तक', 'conf': 94, 'text_left': 1877, 'text_top': 2725, 'text_width': 92, 'text_height': 79}, {'text': 'चर्चा', 'conf': 95, 'text_left': 1983, 'text_top': 2706, 'text_width': 103, 'text_height': 60}, {'text': 'की', 'conf': 96, 'text_left': 2101, 'text_top': 2708, 'text_width': 69, 'text_height': 58}]",,,,,,,,,,,,,,
26,52,1001,108,677,31, गई जिसमें 5 सदस्यों ने भाग लिया और यह संकल्प सभा द्वारा स्वीकृत किया गया।,21,TJEQHC+DVOTYogeshNormal,#000000,,DVOTYogeshNormal,19,,"[{'text': 'गई', 'conf': 96, 'text_left': 305, 'text_top': 2798, 'text_width': 75, 'text_height': 69}, {'text': 'जिसमें', 'conf': 93, 'text_left': 394, 'text_top': 2798, 'text_width': 151, 'text_height': 60}, {'text': '5', 'conf': 0, 'text_left': 564, 'text_top': 2817, 'text_width': 50, 'text_height': 41}, {'text': 'सदस्यों', 'conf': 92, 'text_left': 630, 'text_top': 2798, 'text_width': 173, 'text_height': 62}, {'text': 'ने', 'conf': 97, 'text_left': 818, 'text_top': 2798, 'text_width': 39, 'text_height': 60}, {'text': 'भाग', 'conf': 96, 'text_left': 874, 'text_top': 2816, 'text_width': 94, 'text_height': 42}, {'text': 'लिया', 'conf': 96, 'text_left': 983, 'text_top': 2799, 'text_width': 121, 'text_height': 59}, {'text': 'और', 'conf': 96, 'text_left': 1120, 'text_top': 2798, 'text_width': 93, 'text_height': 60}, {'text': 'यह', 'conf': 96, 'text_left': 1228, 'text_top': 2817, 'text_width': 78, 'text_height': 44}, {'text': 'संकल्प', 'conf': 81, 'text_left': 1320, 'text_top': 2804, 'text_width': 163, 'text_height': 54}, {'text': 'सभा', 'conf': 96, 'text_left': 1498, 'text_top': 2816, 'text_width': 103, 'text_height': 42}, {'text': 'द्वारा', 'conf': 96, 'text_left': 1615, 'text_top': 2817, 'text_width': 106, 'text_height': 48}, {'text': 'स्वीकृत', 'conf': 88, 'text_left': 1735, 'text_top': 2800, 'text_width': 174, 'text_height': 76}, {'text': 'किया', 'conf': 93, 'text_left': 1924, 'text_top': 2799, 'text_width': 126, 'text_height': 59}, {'text': 'गया।', 'conf': 92, 'text_left': 2065, 'text_top': 2816, 'text_width': 111, 'text_height': 42}]",,,,,,,,,,,,,,
27,53,1052,108,676,31, संपूर्ण सत्र के दौरान कोई भी गैर... -सरकारी विधेयक पुरःस्थापित नहीं किया,21,TJEQHC+DVOTYogeshNormal,#000000,,DVOTYogeshNormal,19,"{""index"":{""0"":0,""1"":1,""2"":2,""3"":3},""xml_index"":{""0"":53,""1"":54,""2"":55,""3"":56},""text_top"":{""0"":1052,""1"":1052,""2"":1052,""3"":1052},""text_left"":{""0"":108,""1"":436,""2"":617,""3"":624},""text_width"":{""0"":269,""1"":181,""2"":8,""3"":160},""text_height"":{""0"":31,""1"":31,""2"":31,""3"":31},""text"":{""0"":"" \u0938\u0902\u092a\u0942\u0923\u0930\u094d \u0938\ufffd \u0915\u0947 \u0926\u094c\u0930\u093e\u0928 \u0915\u094b\u0908 \u092d\u0940 \u0917\u0948\u0930"",""1"":""-\u0938\u0930\u0915\u093e\u0930\u0940 \u093f\u0935\u0927\u0947\u092f\u0915 \u092a\u0941\u0930"",""2"":"":"",""3"":""\u0938\u094d\u0925\u093e\u093f\u092a\u0924 \u0928\u0939\u0940\u0902 \u093f\u0915\u092f\u093e ""},""font_size"":{""0"":21,""1"":21,""2"":21,""3"":21},""font_family"":{""0"":""TJEQHC+DVOTYogeshNormal"",""1"":""TJEQHC+DVOTYogeshNormal"",""2"":""MBSANQ+DVOTYogeshNormal"",""3"":""TJEQHC+DVOTYogeshNormal""},""font_color"":{""0"":""#000000"",""1"":""#000000"",""2"":""#000000"",""3"":""#000000""},""attrib"":{""0"":"""",""1"":"""",""2"":"""",""3"":""""},""font_family_updated"":{""0"":""DVOTYogeshNormal"",""1"":""DVOTYogeshNormal"",""2"":""DVOTYogeshNormal"",""3"":""DVOTYogeshNormal""},""font_size_updated"":{""0"":19,""1"":19,""2"":19,""3"":19}}","[{'text': 'संपूर्ण', 'conf': 95, 'text_left': 320, 'text_top': 2939, 'text_width': 127, 'text_height': 79}, {'text': 'सत्र', 'conf': 95, 'text_left': 461, 'text_top': 2958, 'text_width': 89, 'text_height': 41}, {'text': 'के', 'conf': 96, 'text_left': 565, 'text_top': 2939, 'text_width': 52, 'text_height': 60}, {'text': 'दौरान', 'conf': 96, 'text_left': 631, 'text_top': 2939, 'text_width': 144, 'text_height': 62}, {'text': 'कोई', 'conf': 95, 'text_left': 790, 'text_top': 2939, 'text_width': 104, 'text_height': 96}, {'text': 'भी', 'conf': 96, 'text_left': 911, 'text_top': 2941, 'text_width': 55, 'text_height': 58}, {'text': 'गैर...', 'conf': 34, 'text_left': 981, 'text_top': 2939, 'text_width': 156, 'text_height': 96}, {'text': '-सरकारी', 'conf': 82, 'text_left': 1222, 'text_top': 2941, 'text_width': 217, 'text_height': 94}, {'text': 'विधेयक', 'conf': 93, 'text_left': 1453, 'text_top': 2939, 'text_width': 184, 'text_height': 96}, {'text': 'पुरःस्थापित', 'conf': 75, 'text_left': 1651, 'text_top': 2940, 'text_width': 270, 'text_height': 95}, {'text': 'नहीं', 'conf': 96, 'text_left': 1936, 'text_top': 2941, 'text_width': 95, 'text_height': 94}, {'text': 'किया', 'conf': 96, 'text_left': 2041, 'text_top': 2940, 'text_width': 129, 'text_height': 95}]",,,,,,,,,,,,,,
28,57,1085,108,684,31," गया अथवा उस पर चर्चा नहीं की गई। हालांकि, सभा में गैर-सरकारी सदस्यों के दो",21,TJEQHC+DVOTYogeshNormal,#000000,,DVOTYogeshNormal,19,"{""index"":{""0"":0,""1"":1,""2"":2},""xml_index"":{""0"":57,""1"":58,""2"":59},""text_top"":{""0"":1085,""1"":1085,""2"":1085},""text_left"":{""0"":108,""1"":488,""2"":496},""text_width"":{""0"":380,""1"":8,""2"":296},""text_height"":{""0"":31,""1"":31,""2"":31},""text"":{""0"":""\u0917\u092f\u093e \u0905\u0925\u0935\u093e \u0909\u0938 \u092a\u0930 \u091a\u091a\ufffd \u0928\u0939\u0940\u0902 \u0915\u0940 \u0917\u0908\u0964 \u0939\u093e\u0932\u093e\u0902\u093f\u0915"",""1"":"","",""2"":"" \u0938\u092d\u093e \u092e\u0947\u0902 \u0917\u0948\u0930-\u0938\u0930\u0915\u093e\u0930\u0940 \u0938\u0926\u0938\u094d\u092f\u094b\u0902 \u0915\u0947 \u0926\u094b ""},""font_size"":{""0"":21,""1"":21,""2"":21},""font_family"":{""0"":""TJEQHC+DVOTYogeshNormal"",""1"":""MBSANQ+DVOTYogeshNormal"",""2"":""TJEQHC+DVOTYogeshNormal""},""font_color"":{""0"":""#000000"",""1"":""#000000"",""2"":""#000000""},""attrib"":{""0"":"""",""1"":"""",""2"":""""},""font_family_updated"":{""0"":""DVOTYogeshNormal"",""1"":""DVOTYogeshNormal"",""2"":""DVOTYogeshNormal""},""font_size_updated"":{""0"":19,""1"":19,""2"":19}}","[{'text': 'गया', 'conf': 96, 'text_left': 300, 'text_top': 3015, 'text_width': 97, 'text_height': 85}, {'text': 'अथवा', 'conf': 95, 'text_left': 417, 'text_top': 3048, 'text_width': 142, 'text_height': 78}, {'text': 'उस', 'conf': 95, 'text_left': 570, 'text_top': 3025, 'text_width': 77, 'text_height': 101}, {'text': 'पर', 'conf': 96, 'text_left': 668, 'text_top': 3048, 'text_width': 77, 'text_height': 78}, {'text': 'चर्चा', 'conf': 88, 'text_left': 742, 'text_top': 3025, 'text_width': 120, 'text_height': 101}, {'text': 'नहीं', 'conf': 96, 'text_left': 877, 'text_top': 3031, 'text_width': 93, 'text_height': 61}, {'text': 'की', 'conf': 93, 'text_left': 985, 'text_top': 3031, 'text_width': 69, 'text_height': 58}, {'text': 'गई।', 'conf': 92, 'text_left': 1068, 'text_top': 3029, 'text_width': 89, 'text_height': 69}, {'text': 'हालांकि,', 'conf': 95, 'text_left': 1175, 'text_top': 3030, 'text_width': 202, 'text_height': 68}, {'text': 'सभा', 'conf': 95, 'text_left': 1397, 'text_top': 3047, 'text_width': 103, 'text_height': 42}, {'text': 'में', 'conf': 93, 'text_left': 1514, 'text_top': 3029, 'text_width': 39, 'text_height': 60}, {'text': 'गैर-सरकारी', 'conf': 91, 'text_left': 1568, 'text_top': 3015, 'text_width': 294, 'text_height': 74}, {'text': 'सदस्यों', 'conf': 87, 'text_left': 1877, 'text_top': 3029, 'text_width': 173, 'text_height': 62}, {'text': 'के', 'conf': 96, 'text_left': 2064, 'text_top': 3029, 'text_width': 52, 'text_height': 60}, {'text': 'दो', 'conf': 96, 'text_left': 2131, 'text_top': 3029, 'text_width': 57, 'text_height': 62}]",,,,,,,,,,,,,,
29,60,1118,108,209,31, संकल्पों पर चर्चा हो पाई।,21,TJEQHC+DVOTYogeshNormal,#000000,,DVOTYogeshNormal,19,,"[{'text': 'संकल्पों', 'conf': 58, 'text_left': 305, 'text_top': 3120, 'text_width': 180, 'text_height': 60}, {'text': 'पर', 'conf': 97, 'text_left': 499, 'text_top': 3139, 'text_width': 67, 'text_height': 41}, {'text': 'चर्चा', 'conf': 96, 'text_left': 581, 'text_top': 3120, 'text_width': 103, 'text_height': 60}, {'text': 'हो', 'conf': 93, 'text_left': 699, 'text_top': 3120, 'text_width': 55, 'text_height': 63}, {'text': 'पाई।', 'conf': 90, 'text_left': 768, 'text_top': 3120, 'text_width': 102, 'text_height': 69}]",,,,,,,,,,,,,,
