,index,xml_index,text_top,text_left,text_width,text_height,text,font_size,font_family,font_color,attrib,font_family_updated,font_size_updated,children,level_0,avg_line_height,word_coords
0,,0,111,365,242,66," भारतीय सर्वोच्च न्यायालय, सिविल अपीलीय अधिकारिता",21,"ABCDEE+Mangal,Bold",#000000,,"Mangal,Bold",19,"{""level_0"":{""0"":0,""1"":1},""index"":{""0"":0,""1"":1},""xml_index"":{""0"":0,""1"":1},""text_top"":{""0"":111,""1"":146},""text_left"":{""0"":371,""1"":365},""text_width"":{""0"":231,""1"":242},""text_height"":{""0"":31,""1"":31},""text"":{""0"":""\u092d\u093e\u0930\u0924\u0940\u092f \u0938\u0930\u094d\u0935\u094b\u091a\u094d\u091a \u0928\u094d\u092f\u093e\u092f\u093e\u0932\u092f,"",""1"":""\u0938\u0938\u0935\u0930\u094d\u0935\u0932 \u0905\u092a\u0940\u0932\u0940\u092f \u0905\u0927\u093f\u0915\u093e\u0930\u0930\u0924\u093e""},""font_size"":{""0"":21,""1"":21},""font_family"":{""0"":""ABCDEE+Mangal,Bold"",""1"":""ABCDEE+Mangal,Bold""},""font_color"":{""0"":""#000000"",""1"":""#000000""},""attrib"":{""0"":""BOLD"",""1"":""BOLD""},""font_family_updated"":{""0"":""Mangal,Bold"",""1"":""Mangal,Bold""},""font_size_updated"":{""0"":19,""1"":19},""children"":{""0"":null,""1"":null}}",,31.0,"[{'text': 'भारतीय', 'conf': 95, 'text_left': 1035, 'text_top': 331, 'text_width': 179, 'text_height': 56}, {'text': 'सर्वोच्च', 'conf': 94, 'text_left': 1241, 'text_top': 330, 'text_width': 168, 'text_height': 57}, {'text': 'न्यायालय,', 'conf': 94, 'text_left': 1436, 'text_top': 346, 'text_width': 235, 'text_height': 46}, {'text': 'सिविल', 'conf': 95, 'text_left': 1017, 'text_top': 430, 'text_width': 159, 'text_height': 56}, {'text': 'अपीलीय', 'conf': 96, 'text_left': 1203, 'text_top': 430, 'text_width': 195, 'text_height': 54}, {'text': 'अधिकारिता', 'conf': 95, 'text_left': 1425, 'text_top': 430, 'text_width': 267, 'text_height': 56}]"
1,,2,217,345,286,27, सिविल अपील संख्या 1128/2019,21,"ABCDEE+Mangal,Bold",#000000,,"Mangal,Bold",19,,,27.0,"[{'text': 'सिविल', 'conf': 96, 'text_left': 958, 'text_top': 619, 'text_width': 178, 'text_height': 72}, {'text': 'अपील', 'conf': 94, 'text_left': 1150, 'text_top': 625, 'text_width': 140, 'text_height': 54}, {'text': 'संख्या', 'conf': 95, 'text_left': 1317, 'text_top': 623, 'text_width': 139, 'text_height': 58}, {'text': '1128/2019', 'conf': 95, 'text_left': 1487, 'text_top': 625, 'text_width': 255, 'text_height': 62}]"
2,,4,252,266,441,31, (एस.एलर.पी. (सिविल) सं. 33038/2017 से उत्पन्न),21,"ABCDEE+Mangal,Bold",#000000,,"Mangal,Bold",19,,,31.0,"[{'text': '(एस.एलर.पी.', 'conf': 52, 'text_left': 738, 'text_top': 718, 'text_width': 277, 'text_height': 75}, {'text': '(सिविल)', 'conf': 94, 'text_left': 1067, 'text_top': 724, 'text_width': 159, 'text_height': 56}, {'text': 'सं.', 'conf': 92, 'text_left': 1273, 'text_top': 722, 'text_width': 56, 'text_height': 58}, {'text': '33038/2017', 'conf': 91, 'text_left': 742, 'text_top': 725, 'text_width': 1224, 'text_height': 64}, {'text': 'से', 'conf': 96, 'text_left': 1680, 'text_top': 718, 'text_width': 71, 'text_height': 75}, {'text': 'उत्पन्न)', 'conf': 94, 'text_left': 1782, 'text_top': 739, 'text_width': 166, 'text_height': 41}]"
0,,5,348,162,646,101, मै. ट्वेंटी फर्स्ट सेंचुरी मीडिया प्रा. लि. ....... अपीलार्थी(यों) बनाम,21,ABCDEE+Mangal,#000000,,Mangal,19,"{""level_0"":{""0"":4,""1"":5},""index"":{""0"":4,""1"":5},""xml_index"":{""0"":5,""1"":8},""text_top"":{""0"":348,""1"":418},""text_left"":{""0"":162,""1"":162},""text_width"":{""0"":646,""1"":58},""text_height"":{""0"":27,""1"":31},""text"":{""0"":""\u2018 \u092e\u0948. \u091f\u094d\u0935\u0947\u0902\u091f\u0940 \u092b\u0930\u094d\u0938\u091f\u091f \u091a\u0941\u0947\u0902\u0940 \u092e\u0940 \u092e\u092f\u093e \u092a\u094d \u093e\u094d. \u0932\u093f.   .......\u0905\u092a\u092f\u093f\u094d\u0930\u094d\u0925\u0940(\u092a\u094b\u0902)"",""1"":""\u092c\u0928\u094d\u092e ""},""font_size"":{""0"":21,""1"":21},""font_family"":{""0"":""ABCDEE+Mangal"",""1"":""ABCDEE+Mangal""},""font_color"":{""0"":""#000000"",""1"":""#000000""},""attrib"":{""0"":null,""1"":""""},""font_family_updated"":{""0"":""Mangal"",""1"":""Mangal""},""font_size_updated"":{""0"":19,""1"":19},""children"":{""0"":""{\""index\"":{\""0\"":0,\""1\"":1,\""2\"":2},\""xml_index\"":{\""0\"":5,\""1\"":6,\""2\"":7},\""text_top\"":{\""0\"":354,\""1\"":348,\""2\"":348},\""text_left\"":{\""0\"":162,\""1\"":167,\""2\"":656},\""text_width\"":{\""0\"":5,\""1\"":345,\""2\"":152},\""text_height\"":{\""0\"":21,\""1\"":32,\""2\"":31},\""text\"":{\""0\"":\""\\u2018\"",\""1\"":\""\\u092e\\u0948. \\u091f\\u094d\\u0935\\u0947\\u0902\\u091f\\u0940 \\u092b\\u0930\\u094d\\u0938\\u091f\\u091f \\u091a\\u0941\\u0947\\u0902\\u0940 \\u092e\\u0940 \\u092e\\u092f\\u093e \\u092a\\u094d \\u093e\\u094d. \\u0932\\u093f.  \"",\""2\"":\"".......\\u0905\\u092a\\u092f\\u093f\\u094d\\u0930\\u094d\\u0925\\u0940(\\u092a\\u094b\\u0902)\""},\""font_size\"":{\""0\"":21,\""1\"":21,\""2\"":21},\""font_family\"":{\""0\"":\""ABCDEE+Calibri\"",\""1\"":\""ABCDEE+Mangal\"",\""2\"":\""ABCDEE+Mangal\""},\""font_color\"":{\""0\"":\""#000000\"",\""1\"":\""#000000\"",\""2\"":\""#000000\""},\""attrib\"":{\""0\"":\""\"",\""1\"":\""SUPERSCRIPT\"",\""2\"":\""\""},\""font_family_updated\"":{\""0\"":\""Calibri\"",\""1\"":\""Mangal\"",\""2\"":\""Mangal\""},\""font_size_updated\"":{\""0\"":19,\""1\"":19,\""2\"":19}}"",""1"":null}}",,29.0,"[{'text': 'मै.', 'conf': 85, 'text_left': 459, 'text_top': 987, 'text_width': 65, 'text_height': 54}, {'text': 'ट्वेंटी', 'conf': 44, 'text_left': 558, 'text_top': 988, 'text_width': 119, 'text_height': 67}, {'text': 'फर्स्ट', 'conf': 93, 'text_left': 704, 'text_top': 986, 'text_width': 116, 'text_height': 58}, {'text': 'सेंचुरी', 'conf': 68, 'text_left': 847, 'text_top': 988, 'text_width': 127, 'text_height': 77}, {'text': 'मीडिया', 'conf': 95, 'text_left': 1002, 'text_top': 988, 'text_width': 164, 'text_height': 54}, {'text': 'प्रा.', 'conf': 54, 'text_left': 1194, 'text_top': 1003, 'text_width': 61, 'text_height': 38}, {'text': 'लि.', 'conf': 76, 'text_left': 1290, 'text_top': 988, 'text_width': 72, 'text_height': 54}, {'text': '.......', 'conf': 43, 'text_left': 1831, 'text_top': 1035, 'text_width': 107, 'text_height': 6}, {'text': 'अपीलार्थी(यों)', 'conf': 87, 'text_left': 1944, 'text_top': 987, 'text_width': 302, 'text_height': 67}, {'text': 'बनाम', 'conf': 96, 'text_left': 455, 'text_top': 1199, 'text_width': 135, 'text_height': 38}]"
1,,9,489,162,292,32, न्यू इंडिया एश्योरंस कंपनी लि.,21,ABCDEE+Mangal,#000000,,Mangal,19,,,32.0,"[{'text': 'न्यू', 'conf': 92, 'text_left': 455, 'text_top': 1397, 'text_width': 79, 'text_height': 60}, {'text': 'इंडिया', 'conf': 92, 'text_left': 554, 'text_top': 1381, 'text_width': 139, 'text_height': 66}, {'text': 'एश्योरंस', 'conf': 82, 'text_left': 720, 'text_top': 1381, 'text_width': 190, 'text_height': 57}, {'text': 'कंपनी', 'conf': 95, 'text_left': 936, 'text_top': 1382, 'text_width': 138, 'text_height': 53}, {'text': 'लि.', 'conf': 96, 'text_left': 1101, 'text_top': 1382, 'text_width': 73, 'text_height': 54}]"
2,,10,489,680,127,31, ......प्रत्यर्थी(यों),21,ABCDEE+Mangal,#000000,,Mangal,19,,,31.0,"[{'text': '......प्रत्यर्थी(यों)', 'conf': 84, 'text_left': 1898, 'text_top': 1381, 'text_width': 344, 'text_height': 67}]"
2,7,11,575,461,50,31, आदेश,21,"ABCDEE+Mangal,Bold",#000000,BOLD,"Mangal,Bold",19,,,31,"[{'text': 'आदेश', 'conf': 96, 'text_left': 1285, 'text_top': 1622, 'text_width': 140, 'text_height': 60}]"
0,,12,660,162,286,28, 1. अनुमति प्रदान की जाती है |,21,ABCDEE+Mangal,#000000,,Mangal,19,,,28.0,"[{'text': '1.', 'conf': 95, 'text_left': 460, 'text_top': 1873, 'text_width': 35, 'text_height': 37}, {'text': 'अनुमति', 'conf': 95, 'text_left': 542, 'text_top': 1857, 'text_width': 187, 'text_height': 77}, {'text': 'प्रदान', 'conf': 95, 'text_left': 756, 'text_top': 1872, 'text_width': 126, 'text_height': 43}, {'text': 'की', 'conf': 96, 'text_left': 908, 'text_top': 1857, 'text_width': 62, 'text_height': 53}, {'text': 'जाती', 'conf': 96, 'text_left': 998, 'text_top': 1859, 'text_width': 116, 'text_height': 54}, {'text': 'है', 'conf': 95, 'text_left': 1142, 'text_top': 1856, 'text_width': 34, 'text_height': 63}, {'text': '|', 'conf': 95, 'text_left': 1209, 'text_top': 1867, 'text_width': 4, 'text_height': 56}]"
1,,14,746,162,659,243," 2. अपीलार्थी कंपनी ने इस कारणवश न्यायालय में दस्तक दी है क्योंकि बीमा पॉलिसी दिनांकित 15.10.2010 स्पष्ट रूप से अपीलार्थी कंपनी को बाढ़, बारिश आदि से साफतौर से संरक्षित करती है एवं प्रीमियम भी इसी आधार पर अदा किया गया था |",21,ABCDEE+Mangal,#000000,,Mangal,19,"{""level_0"":{""1"":9,""2"":10,""3"":11,""4"":12},""index"":{""1"":9,""2"":10,""3"":11,""4"":12},""xml_index"":{""1"":14,""2"":16,""3"":17,""4"":18},""text_top"":{""1"":746,""2"":816,""3"":887,""4"":958},""text_left"":{""1"":162,""2"":209,""3"":209,""4"":209},""text_width"":{""1"":659,""2"":611,""3"":611,""4"":349},""text_height"":{""1"":27,""2"":31,""3"":31,""4"":31},""text"":{""1"":""2.      \u0905\u092a\u092f\u093f\u094d\u0930\u094d\u0925\u0940 \u0915\u0902\u092a\u0928\u092f \u0928\u0947 \u0907\u091a\u0941 \u0915\u094d\u092e\u0923\u0935\u0936 \u0928\u094d\u092a\u094d\u092a\u094d\u093f\u092a \u092e\u0947\u0902 \u0926\u0930\u094d\u0938\u093f\u0915 \u0926\u0940 \u0939\u0948 \u0915\u094d\u092a\u094b\u0902\u0915\u0915 "",""2"":""\u092c\u092f\u092e\u094d \u092a\u0949\u0932\u093f\u091a\u0941\u092f \u0926\u0926\u0928\u094d\u0902\u0915\u0915\u093f 15.10.2010 \u0930\u094d\u0938\u092a\u0937\u094d\u091f \u0930\u0942\u092a \u091a\u0941\u0947 \u0905\u092a\u092f\u093f\u094d\u0930\u094d\u0925\u0940 \u0915\u0902\u092a\u0928\u092f "",""3"":""\u0915\u094b \u092c\u094d\u095d, \u092c\u094d\u0930\u092e\u0936 \u0906\u0926\u0926 \u091a\u0941\u0947 \u091a\u0941\u094d\u092b\u093f\u094c\u092e \u091a\u0941\u0947 \u091a\u0941\u0902\u092e\u0915\u094d\u0937\u093f\u093f \u0915\u092e\u093f\u092f \u0939\u0948 \u090f\u0935\u0902 \u093e\u092f\u0932\u092e\u092a\u092e "",""4"":""\u092d\u092f \u0907\u091a\u0941\u092f \u0906\u0927\u094d\u092e \u092a\u092e \u0905\u0926\u094d \u0915\u0915\u092a\u094d \u0917\u092a\u094d \u0930\u094d\u0925\u094d |""},""font_size"":{""1"":21,""2"":21,""3"":21,""4"":21},""font_family"":{""1"":""ABCDEE+Mangal"",""2"":""ABCDEE+Mangal"",""3"":""ABCDEE+Mangal"",""4"":""ABCDEE+Mangal""},""font_color"":{""1"":""#000000"",""2"":""#000000"",""3"":""#000000"",""4"":""#000000""},""attrib"":{""1"":null,""2"":"""",""3"":"""",""4"":""""},""font_family_updated"":{""1"":""Mangal"",""2"":""Mangal"",""3"":""Mangal"",""4"":""Mangal""},""font_size_updated"":{""1"":19,""2"":19,""3"":19,""4"":19},""children"":{""1"":""{\""index\"":{\""0\"":0,\""1\"":1},\""xml_index\"":{\""0\"":14,\""1\"":15},\""text_top\"":{\""0\"":752,\""1\"":746},\""text_left\"":{\""0\"":162,\""1\"":201},\""text_width\"":{\""0\"":36,\""1\"":620},\""text_height\"":{\""0\"":21,\""1\"":31},\""text\"":{\""0\"":\""2.     \"",\""1\"":\""\\u0905\\u092a\\u092f\\u093f\\u094d\\u0930\\u094d\\u0925\\u0940 \\u0915\\u0902\\u092a\\u0928\\u092f \\u0928\\u0947 \\u0907\\u091a\\u0941 \\u0915\\u094d\\u092e\\u0923\\u0935\\u0936 \\u0928\\u094d\\u092a\\u094d\\u092a\\u094d\\u093f\\u092a \\u092e\\u0947\\u0902 \\u0926\\u0930\\u094d\\u0938\\u093f\\u0915 \\u0926\\u0940 \\u0939\\u0948 \\u0915\\u094d\\u092a\\u094b\\u0902\\u0915\\u0915 \""},\""font_size\"":{\""0\"":21,\""1\"":21},\""font_family\"":{\""0\"":\""ABCDEE+Calibri\"",\""1\"":\""ABCDEE+Mangal\""},\""font_color\"":{\""0\"":\""#000000\"",\""1\"":\""#000000\""},\""attrib\"":{\""0\"":\""\"",\""1\"":\""SUPERSCRIPT\""},\""font_family_updated\"":{\""0\"":\""Calibri\"",\""1\"":\""Mangal\""},\""font_size_updated\"":{\""0\"":19,\""1\"":19}}"",""2"":null,""3"":null,""4"":null}}",,30.0,"[{'text': '2.', 'conf': 92, 'text_left': 458, 'text_top': 2109, 'text_width': 36, 'text_height': 38}, {'text': 'अपीलार्थी', 'conf': 90, 'text_left': 562, 'text_top': 2093, 'text_width': 212, 'text_height': 55}, {'text': 'कंपनी', 'conf': 95, 'text_left': 809, 'text_top': 2093, 'text_width': 137, 'text_height': 54}, {'text': 'ने', 'conf': 95, 'text_left': 982, 'text_top': 2094, 'text_width': 42, 'text_height': 53}, {'text': 'इस', 'conf': 95, 'text_left': 1058, 'text_top': 2109, 'text_width': 77, 'text_height': 50}, {'text': 'कारणवश', 'conf': 95, 'text_left': 1169, 'text_top': 2108, 'text_width': 216, 'text_height': 42}, {'text': 'न्यायालय', 'conf': 93, 'text_left': 1419, 'text_top': 2109, 'text_width': 224, 'text_height': 39}, {'text': 'में', 'conf': 95, 'text_left': 1678, 'text_top': 2094, 'text_width': 45, 'text_height': 53}, {'text': 'दस्तक', 'conf': 89, 'text_left': 1757, 'text_top': 2109, 'text_width': 154, 'text_height': 43}, {'text': 'दी', 'conf': 96, 'text_left': 1945, 'text_top': 2094, 'text_width': 51, 'text_height': 58}, {'text': 'है', 'conf': 95, 'text_left': 2031, 'text_top': 2093, 'text_width': 34, 'text_height': 63}, {'text': 'क्योंकि', 'conf': 80, 'text_left': 2100, 'text_top': 2093, 'text_width': 157, 'text_height': 54}, {'text': 'बीमा', 'conf': 95, 'text_left': 586, 'text_top': 2292, 'text_width': 110, 'text_height': 51}, {'text': 'पॉलिसी', 'conf': 93, 'text_left': 731, 'text_top': 2288, 'text_width': 170, 'text_height': 58}, {'text': 'दिनांकित', 'conf': 91, 'text_left': 936, 'text_top': 2289, 'text_width': 211, 'text_height': 59}, {'text': '15.10.2010', 'conf': 96, 'text_left': 1189, 'text_top': 2299, 'text_width': 293, 'text_height': 45}, {'text': 'स्पष्ट', 'conf': 94, 'text_left': 1521, 'text_top': 2305, 'text_width': 130, 'text_height': 41}, {'text': 'रूप', 'conf': 96, 'text_left': 1685, 'text_top': 2305, 'text_width': 75, 'text_height': 40}, {'text': 'से', 'conf': 93, 'text_left': 1795, 'text_top': 2290, 'text_width': 45, 'text_height': 56}, {'text': 'अपीलार्थी', 'conf': 90, 'text_left': 1873, 'text_top': 2289, 'text_width': 211, 'text_height': 55}, {'text': 'कंपनी', 'conf': 95, 'text_left': 2119, 'text_top': 2289, 'text_width': 137, 'text_height': 54}, {'text': 'को', 'conf': 96, 'text_left': 586, 'text_top': 2486, 'text_width': 63, 'text_height': 53}, {'text': 'बाढ़,', 'conf': 96, 'text_left': 683, 'text_top': 2501, 'text_width': 96, 'text_height': 46}, {'text': 'बारिश', 'conf': 95, 'text_left': 819, 'text_top': 2486, 'text_width': 141, 'text_height': 56}, {'text': 'आदि', 'conf': 95, 'text_left': 993, 'text_top': 2486, 'text_width': 115, 'text_height': 58}, {'text': 'से', 'conf': 93, 'text_left': 1141, 'text_top': 2486, 'text_width': 45, 'text_height': 56}, {'text': 'साफतौर', 'conf': 36, 'text_left': 1219, 'text_top': 2485, 'text_width': 186, 'text_height': 57}, {'text': 'से', 'conf': 96, 'text_left': 1440, 'text_top': 2486, 'text_width': 45, 'text_height': 56}, {'text': 'संरक्षित', 'conf': 94, 'text_left': 1518, 'text_top': 2485, 'text_width': 175, 'text_height': 57}, {'text': 'करती', 'conf': 96, 'text_left': 1726, 'text_top': 2488, 'text_width': 129, 'text_height': 54}, {'text': 'है', 'conf': 96, 'text_left': 1889, 'text_top': 2485, 'text_width': 34, 'text_height': 63}, {'text': 'एवं', 'conf': 96, 'text_left': 1956, 'text_top': 2485, 'text_width': 72, 'text_height': 55}, {'text': 'प्रीमियम', 'conf': 96, 'text_left': 2061, 'text_top': 2486, 'text_width': 197, 'text_height': 53}, {'text': 'भी', 'conf': 96, 'text_left': 588, 'text_top': 2685, 'text_width': 58, 'text_height': 51}, {'text': 'इसी', 'conf': 93, 'text_left': 673, 'text_top': 2685, 'text_width': 92, 'text_height': 63}, {'text': 'आधार', 'conf': 95, 'text_left': 792, 'text_top': 2694, 'text_width': 147, 'text_height': 45}, {'text': 'पर', 'conf': 96, 'text_left': 966, 'text_top': 2698, 'text_width': 64, 'text_height': 41}, {'text': 'अदा', 'conf': 95, 'text_left': 1057, 'text_top': 2697, 'text_width': 97, 'text_height': 44}, {'text': 'किया', 'conf': 95, 'text_left': 1181, 'text_top': 2683, 'text_width': 120, 'text_height': 53}, {'text': 'गया', 'conf': 96, 'text_left': 1329, 'text_top': 2698, 'text_width': 97, 'text_height': 38}, {'text': 'था', 'conf': 95, 'text_left': 1456, 'text_top': 2695, 'text_width': 55, 'text_height': 41}, {'text': '|', 'conf': 96, 'text_left': 1545, 'text_top': 2693, 'text_width': 5, 'text_height': 56}]"
2,,19,1043,162,659,244," 3. 17.10.2010 को कोच्चि में एक मैच वर्षा के कारण रदद हुआ था, परिणामस्वरुप अपीलार्थी ने बीमा कंपनी को दावे के लिए कहा जो अंतत: 31.05.2011 को तय हो गया | इस आशंका से कि भविष्य में समान रूप के दावे दूसरे मैचों के लिए किये जा सकते हैं, बीमा कंपनी",21,ABCDEE+Mangal,#000000,,Mangal,19,"{""level_0"":{""5"":13,""6"":14,""7"":15,""8"":16},""index"":{""5"":13,""6"":14,""7"":15,""8"":16},""xml_index"":{""5"":19,""6"":22,""7"":23,""8"":26},""text_top"":{""5"":1043,""6"":1113,""7"":1184,""8"":1255},""text_left"":{""5"":162,""6"":209,""7"":209,""8"":209},""text_width"":{""5"":658,""6"":611,""7"":612,""8"":611},""text_height"":{""5"":27,""6"":31,""7"":27,""8"":32},""text"":{""5"":""3.    17.10.2010  \u0915\u094b  \u0915\u094b\u091a\u094d\u091a\u0940  \u092e\u0947\u0902  \u090f\u0915  \u092e\u0948\u0940  \u0935\u0930\u094d\u094d\u091f  \u0915\u0947  \u0915\u094d\u092e\u0923  \u092e\u0926\u094d\u0926  \u0939 \u0906  \u0930\u094d\u0925\u094d, "",""6"":""\u092a\u0930\u092e\u0923\u094d\u092e\u0930\u094d\u0938\u0935\u0930\u0941\u092a  \u0905\u092a\u092f\u093f\u094d\u0930\u094d\u0925\u0940  \u0928\u0947  \u092c\u092f\u092e\u094d  \u0915\u0902\u092a\u0928\u092f  \u0915\u094b  \u0926\u094d\u0935\u0947  \u0915\u0947  \u0932\u093f\u090f  \u0915\u0939\u094d  \u091c\u094b "",""7"":""\u0905\u0902\u093f\u093f:  31.05.2011  \u0915\u094b \u093f\u092a \u0939\u094b \u0917\u092a\u094d | \u0907\u091a\u0941 \u0906\u0936\u0902\u0915\u094d \u091a\u0941\u0947 \u0915\u0915 \u092d\u0935\u0935\u0937\u094d\u092a \u092e\u0947\u0902 "",""8"":""\u091a\u0941\u092e\u094d\u0928 \u0930\u0942\u092a \u0915\u0947 \u0926\u094d\u0935\u0947 \u0926\u0942\u091a\u0941\u092e\u0947 \u092e\u0948\u0940\u094b\u0902 \u0915\u0947 \u0932\u093f\u090f \u0915\u0915\u092a\u0947 \u091c\u094d \u091a\u0941\u0915\u093f\u0947 \u0939\u0948\u0902, \u092c\u092f\u092e\u094d \u0915\u0902\u092a\u0928\u092f ""},""font_size"":{""5"":21,""6"":21,""7"":21,""8"":21},""font_family"":{""5"":""ABCDEE+Mangal"",""6"":""ABCDEE+Mangal"",""7"":""ABCDEE+Mangal"",""8"":""ABCDEE+Mangal""},""font_color"":{""5"":""#000000"",""6"":""#000000"",""7"":""#000000"",""8"":""#000000""},""attrib"":{""5"":null,""6"":"""",""7"":null,""8"":""""},""font_family_updated"":{""5"":""Mangal"",""6"":""Mangal"",""7"":""Mangal"",""8"":""Mangal""},""font_size_updated"":{""5"":19,""6"":19,""7"":19,""8"":19},""children"":{""5"":""{\""index\"":{\""0\"":0,\""1\"":1,\""2\"":2},\""xml_index\"":{\""0\"":19,\""1\"":20,\""2\"":21},\""text_top\"":{\""0\"":1049,\""1\"":1049,\""2\"":1043},\""text_left\"":{\""0\"":162,\""1\"":212,\""2\"":317},\""text_width\"":{\""0\"":30,\""1\"":100,\""2\"":503},\""text_height\"":{\""0\"":21,\""1\"":21,\""2\"":35},\""text\"":{\""0\"":\""3.   \"",\""1\"":\""17.10.2010 \"",\""2\"":\""\\u0915\\u094b  \\u0915\\u094b\\u091a\\u094d\\u091a\\u0940  \\u092e\\u0947\\u0902  \\u090f\\u0915  \\u092e\\u0948\\u0940  \\u0935\\u0930\\u094d\\u094d\\u091f  \\u0915\\u0947  \\u0915\\u094d\\u092e\\u0923  \\u092e\\u0926\\u094d\\u0926  \\u0939 \\u0906  \\u0930\\u094d\\u0925\\u094d, \""},\""font_size\"":{\""0\"":21,\""1\"":21,\""2\"":21},\""font_family\"":{\""0\"":\""ABCDEE+Calibri\"",\""1\"":\""ABCDEE+Calibri\"",\""2\"":\""ABCDEE+Mangal\""},\""font_color\"":{\""0\"":\""#000000\"",\""1\"":\""#000000\"",\""2\"":\""#000000\""},\""attrib\"":{\""0\"":\""\"",\""1\"":\""\"",\""2\"":\""SUPERSCRIPT\""},\""font_family_updated\"":{\""0\"":\""Calibri\"",\""1\"":\""Calibri\"",\""2\"":\""Mangal\""},\""font_size_updated\"":{\""0\"":19,\""1\"":19,\""2\"":19}}"",""6"":null,""7"":""{\""index\"":{\""0\"":0,\""1\"":1,\""2\"":2},\""xml_index\"":{\""0\"":23,\""1\"":24,\""2\"":25},\""text_top\"":{\""0\"":1184,\""1\"":1190,\""2\"":1184},\""text_left\"":{\""0\"":209,\""1\"":273,\""2\"":376},\""text_width\"":{\""0\"":61,\""1\"":100,\""2\"":445},\""text_height\"":{\""0\"":31,\""1\"":21,\""2\"":31},\""text\"":{\""0\"":\""\\u0905\\u0902\\u093f\\u093f: \"",\""1\"":\""31.05.2011 \"",\""2\"":\""\\u0915\\u094b \\u093f\\u092a \\u0939\\u094b \\u0917\\u092a\\u094d | \\u0907\\u091a\\u0941 \\u0906\\u0936\\u0902\\u0915\\u094d \\u091a\\u0941\\u0947 \\u0915\\u0915 \\u092d\\u0935\\u0935\\u0937\\u094d\\u092a \\u092e\\u0947\\u0902 \""},\""font_size\"":{\""0\"":21,\""1\"":21,\""2\"":21},\""font_family\"":{\""0\"":\""ABCDEE+Mangal\"",\""1\"":\""ABCDEE+Calibri\"",\""2\"":\""ABCDEE+Mangal\""},\""font_color\"":{\""0\"":\""#000000\"",\""1\"":\""#000000\"",\""2\"":\""#000000\""},\""attrib\"":{\""0\"":\""SUPERSCRIPT\"",\""1\"":\""\"",\""2\"":\""SUPERSCRIPT\""},\""font_family_updated\"":{\""0\"":\""Mangal\"",\""1\"":\""Calibri\"",\""2\"":\""Mangal\""},\""font_size_updated\"":{\""0\"":19,\""1\"":19,\""2\"":19}}"",""8"":null}}",,29.0,"[{'text': '3.', 'conf': 95, 'text_left': 458, 'text_top': 2935, 'text_width': 36, 'text_height': 39}, {'text': '17.10.2010', 'conf': 95, 'text_left': 599, 'text_top': 2935, 'text_width': 259, 'text_height': 39}, {'text': 'को', 'conf': 96, 'text_left': 886, 'text_top': 2920, 'text_width': 63, 'text_height': 53}, {'text': 'कोच्चि', 'conf': 95, 'text_left': 989, 'text_top': 2920, 'text_width': 155, 'text_height': 53}, {'text': 'में', 'conf': 95, 'text_left': 1184, 'text_top': 2919, 'text_width': 45, 'text_height': 54}, {'text': 'एक', 'conf': 96, 'text_left': 1269, 'text_top': 2935, 'text_width': 82, 'text_height': 39}, {'text': 'मैच', 'conf': 95, 'text_left': 1392, 'text_top': 2919, 'text_width': 85, 'text_height': 54}, {'text': 'वर्षा', 'conf': 95, 'text_left': 1517, 'text_top': 2918, 'text_width': 87, 'text_height': 55}, {'text': 'के', 'conf': 96, 'text_left': 1645, 'text_top': 2920, 'text_width': 48, 'text_height': 53}, {'text': 'कारण', 'conf': 95, 'text_left': 1733, 'text_top': 2935, 'text_width': 137, 'text_height': 41}, {'text': 'रदद', 'conf': 90, 'text_left': 1910, 'text_top': 2935, 'text_width': 97, 'text_height': 56}, {'text': 'हुआ', 'conf': 95, 'text_left': 2046, 'text_top': 2934, 'text_width': 95, 'text_height': 69}, {'text': 'था,', 'conf': 94, 'text_left': 2185, 'text_top': 2932, 'text_width': 65, 'text_height': 49}, {'text': 'परिणामस्वरुप', 'conf': 93, 'text_left': 586, 'text_top': 3116, 'text_width': 325, 'text_height': 56}, {'text': 'अपीलार्थी', 'conf': 90, 'text_left': 949, 'text_top': 3115, 'text_width': 212, 'text_height': 55}, {'text': 'ने', 'conf': 96, 'text_left': 1201, 'text_top': 3116, 'text_width': 42, 'text_height': 53}, {'text': 'बीमा', 'conf': 96, 'text_left': 1283, 'text_top': 3118, 'text_width': 109, 'text_height': 51}, {'text': 'कंपनी', 'conf': 96, 'text_left': 1432, 'text_top': 3115, 'text_width': 137, 'text_height': 54}, {'text': 'को', 'conf': 96, 'text_left': 1608, 'text_top': 3116, 'text_width': 63, 'text_height': 53}, {'text': 'दावे', 'conf': 96, 'text_left': 1711, 'text_top': 3116, 'text_width': 86, 'text_height': 58}, {'text': 'के', 'conf': 96, 'text_left': 1836, 'text_top': 3116, 'text_width': 48, 'text_height': 53}, {'text': 'लिए', 'conf': 94, 'text_left': 1923, 'text_top': 3116, 'text_width': 98, 'text_height': 54}, {'text': 'कहा', 'conf': 95, 'text_left': 2059, 'text_top': 3131, 'text_width': 95, 'text_height': 47}, {'text': 'जो', 'conf': 95, 'text_left': 2194, 'text_top': 3116, 'text_width': 62, 'text_height': 53}, {'text': 'अंतत:', 'conf': 76, 'text_left': 586, 'text_top': 3311, 'text_width': 135, 'text_height': 57}, {'text': '31.05.2011', 'conf': 83, 'text_left': 765, 'text_top': 3327, 'text_width': 260, 'text_height': 39}, {'text': 'को', 'conf': 96, 'text_left': 1048, 'text_top': 3312, 'text_width': 63, 'text_height': 53}, {'text': 'तय', 'conf': 95, 'text_left': 1145, 'text_top': 3327, 'text_width': 81, 'text_height': 41}, {'text': 'हो', 'conf': 95, 'text_left': 1260, 'text_top': 3312, 'text_width': 48, 'text_height': 62}, {'text': 'गया', 'conf': 95, 'text_left': 1342, 'text_top': 3327, 'text_width': 97, 'text_height': 38}, {'text': '|', 'conf': 96, 'text_left': 1480, 'text_top': 3322, 'text_width': 4, 'text_height': 56}, {'text': 'इस', 'conf': 95, 'text_left': 1526, 'text_top': 3327, 'text_width': 77, 'text_height': 50}, {'text': 'आशंका', 'conf': 94, 'text_left': 1636, 'text_top': 3311, 'text_width': 167, 'text_height': 56}, {'text': 'से', 'conf': 96, 'text_left': 1837, 'text_top': 3312, 'text_width': 45, 'text_height': 56}, {'text': 'कि', 'conf': 95, 'text_left': 1916, 'text_top': 3312, 'text_width': 66, 'text_height': 53}, {'text': 'भविष्य', 'conf': 94, 'text_left': 2018, 'text_top': 3312, 'text_width': 161, 'text_height': 53}, {'text': 'में', 'conf': 94, 'text_left': 2213, 'text_top': 3311, 'text_width': 45, 'text_height': 54}, {'text': 'समान', 'conf': 95, 'text_left': 586, 'text_top': 3523, 'text_width': 142, 'text_height': 41}, {'text': 'रूप', 'conf': 95, 'text_left': 757, 'text_top': 3523, 'text_width': 75, 'text_height': 40}, {'text': 'के', 'conf': 96, 'text_left': 860, 'text_top': 3508, 'text_width': 48, 'text_height': 53}, {'text': 'दावे', 'conf': 96, 'text_left': 938, 'text_top': 3508, 'text_width': 85, 'text_height': 58}, {'text': 'दूसरे', 'conf': 96, 'text_left': 1052, 'text_top': 3508, 'text_width': 104, 'text_height': 75}, {'text': 'मैचों', 'conf': 85, 'text_left': 1186, 'text_top': 3507, 'text_width': 100, 'text_height': 54}, {'text': 'के', 'conf': 96, 'text_left': 1315, 'text_top': 3508, 'text_width': 48, 'text_height': 53}, {'text': 'लिए', 'conf': 96, 'text_left': 1392, 'text_top': 3508, 'text_width': 98, 'text_height': 54}, {'text': 'किये', 'conf': 95, 'text_left': 1518, 'text_top': 3508, 'text_width': 106, 'text_height': 53}, {'text': 'जा', 'conf': 96, 'text_left': 1652, 'text_top': 3523, 'text_width': 63, 'text_height': 38}, {'text': 'सकते', 'conf': 95, 'text_left': 1744, 'text_top': 3508, 'text_width': 129, 'text_height': 56}, {'text': 'हैं,', 'conf': 96, 'text_left': 1902, 'text_top': 3508, 'text_width': 44, 'text_height': 62}, {'text': 'बीमा', 'conf': 96, 'text_left': 1981, 'text_top': 3510, 'text_width': 110, 'text_height': 51}, {'text': 'कंपनी', 'conf': 95, 'text_left': 2120, 'text_top': 3507, 'text_width': 137, 'text_height': 54}]"
0,,0,111,209,612,101," में एकपक्षीय पृष्ठांकन दिनांकित 18.10.2010 से शब्द बाढ़, वर्षा हटा दिये |",21,ABCDEE+Mangal,#000000,,Mangal,19,"{""level_0"":{""0"":0,""1"":1},""index"":{""0"":0,""1"":1},""xml_index"":{""0"":0,""1"":3},""text_top"":{""0"":111,""1"":181},""text_left"":{""0"":209,""1"":209},""text_width"":{""0"":612,""1"":49},""text_height"":{""0"":27,""1"":31},""text"":{""0"":""\u092e\u0947\u0902 \u090f\u0915\u092a\u093f\u092f\u092a \u092a\u0943\u0937\u094d\u094d\u094d\u0902\u0915\u0928 \u0926\u0926\u0928\u094d\u0902\u0915\u0915\u093f  18.10.2010   \u091a\u0941\u0947 \u0936\u092c\u094d\u0926 \u092c\u094d\u095d, \u0935\u0930\u094d\u094d\u091f \u0939\u091f\u094d "",""1"":""\u0926\u0926\u092a\u0947 |""},""font_size"":{""0"":21,""1"":21},""font_family"":{""0"":""ABCDEE+Mangal"",""1"":""ABCDEE+Mangal""},""font_color"":{""0"":""#000000"",""1"":""#000000""},""attrib"":{""0"":null,""1"":""""},""font_family_updated"":{""0"":""Mangal"",""1"":""Mangal""},""font_size_updated"":{""0"":19,""1"":19},""children"":{""0"":""{\""index\"":{\""0\"":0,\""1\"":1,\""2\"":2},\""xml_index\"":{\""0\"":0,\""1\"":1,\""2\"":2},\""text_top\"":{\""0\"":111,\""1\"":117,\""2\"":111},\""text_left\"":{\""0\"":209,\""1\"":498,\""2\"":601},\""text_width\"":{\""0\"":287,\""1\"":100,\""2\"":220},\""text_height\"":{\""0\"":33,\""1\"":21,\""2\"":31},\""text\"":{\""0\"":\""\\u092e\\u0947\\u0902 \\u090f\\u0915\\u092a\\u093f\\u092f\\u092a \\u092a\\u0943\\u0937\\u094d\\u094d\\u094d\\u0902\\u0915\\u0928 \\u0926\\u0926\\u0928\\u094d\\u0902\\u0915\\u0915\\u093f \"",\""1\"":\""18.10.2010 \"",\""2\"":\"" \\u091a\\u0941\\u0947 \\u0936\\u092c\\u094d\\u0926 \\u092c\\u094d\\u095d, \\u0935\\u0930\\u094d\\u094d\\u091f \\u0939\\u091f\\u094d \""},\""font_size\"":{\""0\"":21,\""1\"":21,\""2\"":21},\""font_family\"":{\""0\"":\""ABCDEE+Mangal\"",\""1\"":\""ABCDEE+Calibri\"",\""2\"":\""ABCDEE+Mangal\""},\""font_color\"":{\""0\"":\""#000000\"",\""1\"":\""#000000\"",\""2\"":\""#000000\""},\""attrib\"":{\""0\"":\""SUPERSCRIPT\"",\""1\"":\""\"",\""2\"":\""SUPERSCRIPT\""},\""font_family_updated\"":{\""0\"":\""Mangal\"",\""1\"":\""Calibri\"",\""2\"":\""Mangal\""},\""font_size_updated\"":{\""0\"":19,\""1\"":19,\""2\"":19}}"",""1"":null}}",,29.0,"[{'text': 'में', 'conf': 93, 'text_left': 585, 'text_top': 330, 'text_width': 45, 'text_height': 53}, {'text': 'एकपक्षीय', 'conf': 95, 'text_left': 662, 'text_top': 332, 'text_width': 219, 'text_height': 53}, {'text': 'पृष्ठांकन', 'conf': 91, 'text_left': 893, 'text_top': 325, 'text_width': 224, 'text_height': 85}, {'text': 'दिनांकित', 'conf': 90, 'text_left': 1145, 'text_top': 329, 'text_width': 211, 'text_height': 59}, {'text': '18.10.2010', 'conf': 96, 'text_left': 1393, 'text_top': 345, 'text_width': 259, 'text_height': 39}, {'text': 'से', 'conf': 95, 'text_left': 1707, 'text_top': 330, 'text_width': 45, 'text_height': 56}, {'text': 'शब्द', 'conf': 95, 'text_left': 1787, 'text_top': 344, 'text_width': 101, 'text_height': 44}, {'text': 'बाढ़,', 'conf': 96, 'text_left': 1920, 'text_top': 345, 'text_width': 95, 'text_height': 46}, {'text': 'वर्षा', 'conf': 95, 'text_left': 2054, 'text_top': 328, 'text_width': 87, 'text_height': 55}, {'text': 'हटा', 'conf': 96, 'text_left': 2174, 'text_top': 345, 'text_width': 82, 'text_height': 47}, {'text': 'दिये', 'conf': 95, 'text_left': 585, 'text_top': 527, 'text_width': 94, 'text_height': 58}, {'text': '|', 'conf': 96, 'text_left': 712, 'text_top': 537, 'text_width': 4, 'text_height': 56}]"
1,,4,267,162,658,596," 4. 20.10.2010 को अपीलार्थी ने तुरंत हमारे यहाँ इस एकपक्षीय विलोपन के विरुद्ध विरोध दर्ज कराया | 24.10.2010 को गोवा मैच समान स्थिति में वर्षा के कारण रद्द हो गया | अपीलार्थी ने उच्च न्यायालय में दस्तक दी जिसमे उसने बताया कि इंश्योंरंस कंपनी पालिसी में से शब्द बाढ़, वर्षा एकपक्षीय तौर से हटा रही है जो एकपक्षीय है एवं इससे भारतीय संविधान के अनुच्छेद 14 के अंतर्गत दिये गये मौलिक अधिकार प्रभावित हो रहे हैं | एकल न्यायाधीश एवं खण्डपीठ दोनों ने हस्तक्षेप करना उचित नहीं समझा क्योंकि विवाद का प्रश्‍न तथा विवाद पूरी तरह से अनुबंध की शर्तों से जुड़ा है |",21,ABCDEE+Mangal,#000000,,Mangal,19,"{""level_0"":{""2"":2,""3"":3,""4"":4,""5"":5,""6"":6,""7"":7,""8"":8,""9"":9,""10"":10},""index"":{""2"":2,""3"":3,""4"":4,""5"":5,""6"":6,""7"":7,""8"":8,""9"":9,""10"":10},""xml_index"":{""2"":4,""3"":6,""4"":9,""5"":10,""6"":11,""7"":12,""8"":15,""9"":16,""10"":17},""text_top"":{""2"":267,""3"":337,""4"":408,""5"":478,""6"":549,""7"":619,""8"":690,""9"":761,""10"":831},""text_left"":{""2"":162,""3"":209,""4"":209,""5"":209,""6"":209,""7"":209,""8"":209,""9"":209,""10"":209},""text_width"":{""2"":658,""3"":611,""4"":611,""5"":611,""6"":611,""7"":611,""8"":611,""9"":611,""10"":354},""text_height"":{""2"":27,""3"":28,""4"":31,""5"":31,""6"":31,""7"":28,""8"":31,""9"":31,""10"":32},""text"":{""2"":""4.  20.10.2010  \u0915\u094b \u0905\u092a\u092f\u093f\u094d\u0930\u094d\u0925\u0940 \u0928\u0947 \u093f \u092e\u0902\u093f \u0939\u092e\u094d\u092e\u0947 \u092a\u0939\u094d\u093e\u0901 \u0907\u091a\u0941 \u090f\u0915\u092a\u093f\u092f\u092a \u0935\u0935\u093f\u094b\u092a\u0928 \u0915\u0947 "",""3"":""\u0935\u0935\u0930\u0941\u0926\u094d\u0927 \u0935\u0935\u092e\u094b\u0927 \u0926\u091c\u091f \u0915\u092e\u094d\u092a\u094d |  24.10.2010  \u0915\u094b \u0917\u094b\u0935\u094d \u092e\u0948\u0940 \u091a\u0941\u092e\u094d\u0928 \u091a\u094d\u0930\u094d\u0938\u0930\u094d\u0925\u0924\u093f "",""4"":""\u092e\u0947\u0902  \u0935\u0930\u094d\u094d\u091f  \u0915\u0947  \u0915\u094d\u092e\u0923  \u092e\u0926\u094d\u0926  \u0939\u094b  \u0917\u092a\u094d  |  \u0905\u092a\u092f\u093f\u094d\u0930\u094d\u0925\u0940  \u0928\u0947  \u0909\u091a\u0940  \u0928\u094d\u092a\u094d\u092a\u094d\u093f\u092a  \u092e\u0947\u0902 "",""5"":""\u0926\u0930\u094d\u0938\u093f\u0915 \u0926\u0940 \u091a\u094d\u091c\u091a\u0941\u092e\u0947\u0902 \u0909\u091a\u0941\u0928\u0947 \u092c\u093f\u094d\u092a\u094d \u0915\u0915 \u0907\u0902\u0936\u094d\u092a\u094b\u0902\u092e\u0902\u091a\u0941 \u0915\u0902\u092a\u0928\u092f \u092a\u094d\u0932\u093f\u091a\u0941\u092f \u092e\u0947\u0902 \u091a\u0941\u0947 \u0936\u092c\u094d\u0926 "",""6"":""\u092c\u094d\u095d,  \u0935\u0930\u094d\u094d\u091f  \u090f\u0915\u092a\u093f\u092f\u092a  \u093f\u094c\u092e  \u091a\u0941\u0947  \u0939\u091f\u094d  \u092e\u0939\u0940  \u0939\u0948  \u091c\u094b  \u090f\u0915\u092a\u093f\u092f\u092a  \u0939\u0948  \u090f\u0935\u0902  \u0907\u091a\u0941\u091a\u0941\u0947 "",""7"":""\u092d\u094d\u092e\u093f\u092f\u092a  \u091a\u0941\u0902\u0935\u0935\u0927\u094d\u0928  \u0915\u0947  \u0905\u0928 \u091a\u091b\u0947\u0926  14  \u0915\u0947  \u0905\u0902\u093f\u0917\u091f\u093f  \u0926\u0926\u092a\u0947  \u0917\u092a\u0947  \u092e\u094c\u0932\u093f\u0915 "",""8"":""\u0905\u0927\u0927\u0915\u094d\u092e \u093e\u092d\u094d\u0935\u0935\u093f \u0939\u094b \u092e\u0939\u0947 \u0939\u0948\u0902 | \u090f\u0915\u093f \u0928\u094d\u092a\u094d\u092a\u094d\u0927\u092f\u0936 \u090f\u0935\u0902 \u094d\u0921\u092a \u092a\u092f\u094d \u0926\u094b\u0928\u094b\u0902 \u0928\u0947 "",""9"":""\u0939\u0930\u094d\u0938\u093f\u093f\u0947\u092a \u0915\u092e\u0928\u094d \u0909\u0927\u0940\u093f \u0928\u0939\u0940\u0902 \u091a\u0941\u092e\u091d\u094d \u0915\u094d\u092a\u094b\u0902\u0915\u0915 \u0935\u0935\u0935\u094d\u0926 \u0915\u094d \u093e\u0936\u094d\u0928 \u093f\u0930\u094d\u0925\u094d \u0935\u0935\u0935\u094d\u0926 "",""10"":""\u092a\u0942\u092e\u0940 \u093f\u092e\u0939 \u091a\u0941\u0947 \u0905\u0928 \u092c\u0902\u0927 \u0915\u0940 \u0936\u093f\u094b\u0902 \u091a\u0941\u0947 \u091c \u095c\u094d \u0939\u0948 |""},""font_size"":{""2"":21,""3"":21,""4"":21,""5"":21,""6"":21,""7"":21,""8"":21,""9"":21,""10"":21},""font_family"":{""2"":""ABCDEE+Mangal"",""3"":""ABCDEE+Mangal"",""4"":""ABCDEE+Mangal"",""5"":""ABCDEE+Mangal"",""6"":""ABCDEE+Mangal"",""7"":""ABCDEE+Mangal"",""8"":""ABCDEE+Mangal"",""9"":""ABCDEE+Mangal"",""10"":""ABCDEE+Mangal""},""font_color"":{""2"":""#000000"",""3"":""#000000"",""4"":""#000000"",""5"":""#000000"",""6"":""#000000"",""7"":""#000000"",""8"":""#000000"",""9"":""#000000"",""10"":""#000000""},""attrib"":{""2"":null,""3"":null,""4"":"""",""5"":"""",""6"":"""",""7"":null,""8"":"""",""9"":"""",""10"":""""},""font_family_updated"":{""2"":""Mangal"",""3"":""Mangal"",""4"":""Mangal"",""5"":""Mangal"",""6"":""Mangal"",""7"":""Mangal"",""8"":""Mangal"",""9"":""Mangal"",""10"":""Mangal""},""font_size_updated"":{""2"":19,""3"":19,""4"":19,""5"":19,""6"":19,""7"":19,""8"":19,""9"":19,""10"":19},""children"":{""2"":""{\""index\"":{\""0\"":0,\""1\"":1},\""xml_index\"":{\""0\"":4,\""1\"":5},\""text_top\"":{\""0\"":273,\""1\"":267},\""text_left\"":{\""0\"":162,\""1\"":292},\""text_width\"":{\""0\"":129,\""1\"":528},\""text_height\"":{\""0\"":21,\""1\"":32},\""text\"":{\""0\"":\""4.  20.10.2010 \"",\""1\"":\""\\u0915\\u094b \\u0905\\u092a\\u092f\\u093f\\u094d\\u0930\\u094d\\u0925\\u0940 \\u0928\\u0947 \\u093f \\u092e\\u0902\\u093f \\u0939\\u092e\\u094d\\u092e\\u0947 \\u092a\\u0939\\u094d\\u093e\\u0901 \\u0907\\u091a\\u0941 \\u090f\\u0915\\u092a\\u093f\\u092f\\u092a \\u0935\\u0935\\u093f\\u094b\\u092a\\u0928 \\u0915\\u0947 \""},\""font_size\"":{\""0\"":21,\""1\"":21},\""font_family\"":{\""0\"":\""ABCDEE+Calibri\"",\""1\"":\""ABCDEE+Mangal\""},\""font_color\"":{\""0\"":\""#000000\"",\""1\"":\""#000000\""},\""attrib\"":{\""0\"":\""\"",\""1\"":\""SUPERSCRIPT\""},\""font_family_updated\"":{\""0\"":\""Calibri\"",\""1\"":\""Mangal\""},\""font_size_updated\"":{\""0\"":19,\""1\"":19}}"",""3"":""{\""index\"":{\""0\"":0,\""1\"":1,\""2\"":2},\""xml_index\"":{\""0\"":6,\""1\"":7,\""2\"":8},\""text_top\"":{\""0\"":337,\""1\"":344,\""2\"":337},\""text_left\"":{\""0\"":209,\""1\"":464,\""2\"":566},\""text_width\"":{\""0\"":253,\""1\"":101,\""2\"":254},\""text_height\"":{\""0\"":31,\""1\"":21,\""2\"":31},\""text\"":{\""0\"":\""\\u0935\\u0935\\u0930\\u0941\\u0926\\u094d\\u0927 \\u0935\\u0935\\u092e\\u094b\\u0927 \\u0926\\u091c\\u091f \\u0915\\u092e\\u094d\\u092a\\u094d | \"",\""1\"":\""24.10.2010 \"",\""2\"":\""\\u0915\\u094b \\u0917\\u094b\\u0935\\u094d \\u092e\\u0948\\u0940 \\u091a\\u0941\\u092e\\u094d\\u0928 \\u091a\\u094d\\u0930\\u094d\\u0938\\u0930\\u094d\\u0925\\u0924\\u093f \""},\""font_size\"":{\""0\"":21,\""1\"":21,\""2\"":21},\""font_family\"":{\""0\"":\""ABCDEE+Mangal\"",\""1\"":\""ABCDEE+Calibri\"",\""2\"":\""ABCDEE+Mangal\""},\""font_color\"":{\""0\"":\""#000000\"",\""1\"":\""#000000\"",\""2\"":\""#000000\""},\""attrib\"":{\""0\"":\""SUPERSCRIPT\"",\""1\"":\""\"",\""2\"":\""SUPERSCRIPT\""},\""font_family_updated\"":{\""0\"":\""Mangal\"",\""1\"":\""Calibri\"",\""2\"":\""Mangal\""},\""font_size_updated\"":{\""0\"":19,\""1\"":19,\""2\"":19}}"",""4"":null,""5"":null,""6"":null,""7"":""{\""index\"":{\""0\"":0,\""1\"":1,\""2\"":2},\""xml_index\"":{\""0\"":12,\""1\"":13,\""2\"":14},\""text_top\"":{\""0\"":619,\""1\"":626,\""2\"":619},\""text_left\"":{\""0\"":209,\""1\"":505,\""2\"":539},\""text_width\"":{\""0\"":287,\""1\"":26,\""2\"":281},\""text_height\"":{\""0\"":32,\""1\"":21,\""2\"":31},\""text\"":{\""0\"":\""\\u092d\\u094d\\u092e\\u093f\\u092f\\u092a  \\u091a\\u0941\\u0902\\u0935\\u0935\\u0927\\u094d\\u0928  \\u0915\\u0947  \\u0905\\u0928 \\u091a\\u091b\\u0947\\u0926 \"",\""1\"":\""14 \"",\""2\"":\""\\u0915\\u0947  \\u0905\\u0902\\u093f\\u0917\\u091f\\u093f  \\u0926\\u0926\\u092a\\u0947  \\u0917\\u092a\\u0947  \\u092e\\u094c\\u0932\\u093f\\u0915 \""},\""font_size\"":{\""0\"":21,\""1\"":21,\""2\"":21},\""font_family\"":{\""0\"":\""ABCDEE+Mangal\"",\""1\"":\""ABCDEE+Calibri\"",\""2\"":\""ABCDEE+Mangal\""},\""font_color\"":{\""0\"":\""#000000\"",\""1\"":\""#000000\"",\""2\"":\""#000000\""},\""attrib\"":{\""0\"":\""SUPERSCRIPT\"",\""1\"":\""\"",\""2\"":\""SUPERSCRIPT\""},\""font_family_updated\"":{\""0\"":\""Mangal\"",\""1\"":\""Calibri\"",\""2\"":\""Mangal\""},\""font_size_updated\"":{\""0\"":19,\""1\"":19,\""2\"":19}}"",""8"":null,""9"":null,""10"":null}}",,30.0,"[{'text': '4.', 'conf': 96, 'text_left': 456, 'text_top': 779, 'text_width': 39, 'text_height': 37}, {'text': '20.10.2010', 'conf': 96, 'text_left': 536, 'text_top': 778, 'text_width': 262, 'text_height': 39}, {'text': 'को', 'conf': 91, 'text_left': 816, 'text_top': 763, 'text_width': 63, 'text_height': 53}, {'text': 'अपीलार्थी', 'conf': 90, 'text_left': 910, 'text_top': 762, 'text_width': 212, 'text_height': 55}, {'text': 'ने', 'conf': 96, 'text_left': 1154, 'text_top': 763, 'text_width': 42, 'text_height': 53}, {'text': 'तुरंत', 'conf': 95, 'text_left': 1226, 'text_top': 762, 'text_width': 107, 'text_height': 78}, {'text': 'हमारे', 'conf': 96, 'text_left': 1364, 'text_top': 763, 'text_width': 118, 'text_height': 62}, {'text': 'यहाँ', 'conf': 74, 'text_left': 1514, 'text_top': 761, 'text_width': 90, 'text_height': 64}, {'text': 'इस', 'conf': 95, 'text_left': 1634, 'text_top': 778, 'text_width': 77, 'text_height': 50}, {'text': 'एकपक्षीय', 'conf': 93, 'text_left': 1741, 'text_top': 765, 'text_width': 219, 'text_height': 53}, {'text': 'विलोपन', 'conf': 91, 'text_left': 1991, 'text_top': 763, 'text_width': 188, 'text_height': 54}, {'text': 'के', 'conf': 96, 'text_left': 2209, 'text_top': 763, 'text_width': 48, 'text_height': 53}, {'text': 'विरुद्ध', 'conf': 78, 'text_left': 586, 'text_top': 959, 'text_width': 164, 'text_height': 71}, {'text': 'विरोध', 'conf': 96, 'text_left': 782, 'text_top': 959, 'text_width': 139, 'text_height': 56}, {'text': 'दर्ज', 'conf': 95, 'text_left': 953, 'text_top': 957, 'text_width': 81, 'text_height': 60}, {'text': 'कराया', 'conf': 95, 'text_left': 1066, 'text_top': 974, 'text_width': 145, 'text_height': 41}, {'text': '|', 'conf': 96, 'text_left': 1250, 'text_top': 969, 'text_width': 4, 'text_height': 56}, {'text': '24.10.2010', 'conf': 96, 'text_left': 1296, 'text_top': 974, 'text_width': 262, 'text_height': 39}, {'text': 'को', 'conf': 96, 'text_left': 1578, 'text_top': 959, 'text_width': 63, 'text_height': 53}, {'text': 'गोवा', 'conf': 96, 'text_left': 1673, 'text_top': 959, 'text_width': 108, 'text_height': 53}, {'text': 'मैच', 'conf': 94, 'text_left': 1813, 'text_top': 958, 'text_width': 86, 'text_height': 54}, {'text': 'समान', 'conf': 95, 'text_left': 1931, 'text_top': 974, 'text_width': 143, 'text_height': 41}, {'text': 'स्थिति', 'conf': 92, 'text_left': 2105, 'text_top': 959, 'text_width': 152, 'text_height': 56}, {'text': 'में', 'conf': 96, 'text_left': 586, 'text_top': 1154, 'text_width': 45, 'text_height': 54}, {'text': 'वर्षा', 'conf': 81, 'text_left': 670, 'text_top': 1153, 'text_width': 87, 'text_height': 55}, {'text': 'के', 'conf': 96, 'text_left': 795, 'text_top': 1155, 'text_width': 48, 'text_height': 53}, {'text': 'कारण', 'conf': 95, 'text_left': 882, 'text_top': 1170, 'text_width': 137, 'text_height': 41}, {'text': 'रद्द', 'conf': 72, 'text_left': 1057, 'text_top': 1170, 'text_width': 97, 'text_height': 56}, {'text': 'हो', 'conf': 96, 'text_left': 1192, 'text_top': 1155, 'text_width': 49, 'text_height': 62}, {'text': 'गया', 'conf': 96, 'text_left': 1280, 'text_top': 1170, 'text_width': 97, 'text_height': 38}, {'text': '|', 'conf': 93, 'text_left': 1421, 'text_top': 1165, 'text_width': 5, 'text_height': 56}, {'text': 'अपीलार्थी', 'conf': 89, 'text_left': 1472, 'text_top': 1154, 'text_width': 212, 'text_height': 55}, {'text': 'ने', 'conf': 96, 'text_left': 1723, 'text_top': 1155, 'text_width': 42, 'text_height': 53}, {'text': 'उच्च', 'conf': 95, 'text_left': 1803, 'text_top': 1170, 'text_width': 109, 'text_height': 39}, {'text': 'न्यायालय', 'conf': 90, 'text_left': 1950, 'text_top': 1170, 'text_width': 224, 'text_height': 39}, {'text': 'में', 'conf': 95, 'text_left': 2213, 'text_top': 1154, 'text_width': 45, 'text_height': 54}, {'text': 'दस्तक', 'conf': 94, 'text_left': 586, 'text_top': 1366, 'text_width': 154, 'text_height': 43}, {'text': 'दी', 'conf': 96, 'text_left': 767, 'text_top': 1351, 'text_width': 51, 'text_height': 58}, {'text': 'जिसमे', 'conf': 79, 'text_left': 845, 'text_top': 1350, 'text_width': 152, 'text_height': 57}, {'text': 'उसने', 'conf': 96, 'text_left': 1023, 'text_top': 1351, 'text_width': 118, 'text_height': 56}, {'text': 'बताया', 'conf': 96, 'text_left': 1168, 'text_top': 1366, 'text_width': 145, 'text_height': 41}, {'text': 'कि', 'conf': 92, 'text_left': 1341, 'text_top': 1351, 'text_width': 66, 'text_height': 53}, {'text': 'इंश्योंरंस', 'conf': 61, 'text_left': 1434, 'text_top': 1350, 'text_width': 186, 'text_height': 66}, {'text': 'कंपनी', 'conf': 96, 'text_left': 1647, 'text_top': 1350, 'text_width': 137, 'text_height': 54}, {'text': 'पालिसी', 'conf': 96, 'text_left': 1812, 'text_top': 1351, 'text_width': 170, 'text_height': 56}, {'text': 'में', 'conf': 96, 'text_left': 2010, 'text_top': 1350, 'text_width': 45, 'text_height': 54}, {'text': 'से', 'conf': 96, 'text_left': 2082, 'text_top': 1351, 'text_width': 45, 'text_height': 56}, {'text': 'शब्द', 'conf': 96, 'text_left': 2157, 'text_top': 1365, 'text_width': 101, 'text_height': 44}, {'text': 'बाढ़,', 'conf': 95, 'text_left': 586, 'text_top': 1562, 'text_width': 96, 'text_height': 46}, {'text': 'वर्षा', 'conf': 91, 'text_left': 725, 'text_top': 1545, 'text_width': 87, 'text_height': 55}, {'text': 'एकपक्षीय', 'conf': 95, 'text_left': 849, 'text_top': 1549, 'text_width': 219, 'text_height': 53}, {'text': 'तौर', 'conf': 96, 'text_left': 1103, 'text_top': 1546, 'text_width': 83, 'text_height': 57}, {'text': 'से', 'conf': 96, 'text_left': 1223, 'text_top': 1547, 'text_width': 45, 'text_height': 56}, {'text': 'हटा', 'conf': 95, 'text_left': 1304, 'text_top': 1562, 'text_width': 82, 'text_height': 47}, {'text': 'रही', 'conf': 95, 'text_left': 1422, 'text_top': 1547, 'text_width': 77, 'text_height': 62}, {'text': 'है', 'conf': 96, 'text_left': 1535, 'text_top': 1546, 'text_width': 34, 'text_height': 63}, {'text': 'जो', 'conf': 96, 'text_left': 1605, 'text_top': 1547, 'text_width': 63, 'text_height': 53}, {'text': 'एकपक्षीय', 'conf': 96, 'text_left': 1705, 'text_top': 1549, 'text_width': 219, 'text_height': 53}, {'text': 'है', 'conf': 96, 'text_left': 1960, 'text_top': 1546, 'text_width': 34, 'text_height': 63}, {'text': 'एवं', 'conf': 95, 'text_left': 2030, 'text_top': 1546, 'text_width': 72, 'text_height': 55}, {'text': 'इससे', 'conf': 94, 'text_left': 2138, 'text_top': 1547, 'text_width': 120, 'text_height': 65}, {'text': 'भारतीय', 'conf': 95, 'text_left': 588, 'text_top': 1745, 'text_width': 179, 'text_height': 54}, {'text': 'संविधान', 'conf': 95, 'text_left': 817, 'text_top': 1742, 'text_width': 195, 'text_height': 57}, {'text': 'के', 'conf': 95, 'text_left': 1061, 'text_top': 1743, 'text_width': 48, 'text_height': 53}, {'text': 'अनुच्छेद', 'conf': 94, 'text_left': 1159, 'text_top': 1743, 'text_width': 199, 'text_height': 77}, {'text': '14', 'conf': 94, 'text_left': 1412, 'text_top': 1759, 'text_width': 52, 'text_height': 37}, {'text': 'के', 'conf': 96, 'text_left': 1502, 'text_top': 1743, 'text_width': 48, 'text_height': 53}, {'text': 'अंतर्गत', 'conf': 91, 'text_left': 1599, 'text_top': 1741, 'text_width': 167, 'text_height': 58}, {'text': 'दिये', 'conf': 96, 'text_left': 1815, 'text_top': 1743, 'text_width': 94, 'text_height': 58}, {'text': 'गये', 'conf': 96, 'text_left': 1958, 'text_top': 1743, 'text_width': 83, 'text_height': 53}, {'text': 'मौलिक', 'conf': 95, 'text_left': 2091, 'text_top': 1742, 'text_width': 166, 'text_height': 55}, {'text': 'अधिकार', 'conf': 96, 'text_left': 586, 'text_top': 1939, 'text_width': 195, 'text_height': 56}, {'text': 'प्रभावित', 'conf': 96, 'text_left': 813, 'text_top': 1939, 'text_width': 187, 'text_height': 56}, {'text': 'हो', 'conf': 96, 'text_left': 1031, 'text_top': 1939, 'text_width': 49, 'text_height': 62}, {'text': 'रहे', 'conf': 96, 'text_left': 1111, 'text_top': 1939, 'text_width': 62, 'text_height': 62}, {'text': 'हैं', 'conf': 96, 'text_left': 1204, 'text_top': 1938, 'text_width': 34, 'text_height': 63}, {'text': '|', 'conf': 96, 'text_left': 1275, 'text_top': 1949, 'text_width': 4, 'text_height': 56}, {'text': 'एकल', 'conf': 96, 'text_left': 1318, 'text_top': 1954, 'text_width': 125, 'text_height': 39}, {'text': 'न्यायाधीश', 'conf': 90, 'text_left': 1474, 'text_top': 1941, 'text_width': 241, 'text_height': 53}, {'text': 'एवं', 'conf': 93, 'text_left': 1746, 'text_top': 1938, 'text_width': 72, 'text_height': 55}, {'text': 'खण्डपीठ', 'conf': 88, 'text_left': 1849, 'text_top': 1941, 'text_width': 200, 'text_height': 52}, {'text': 'दोनों', 'conf': 96, 'text_left': 2080, 'text_top': 1938, 'text_width': 105, 'text_height': 59}, {'text': 'ने', 'conf': 96, 'text_left': 2215, 'text_top': 1939, 'text_width': 42, 'text_height': 53}, {'text': 'हस्तक्षेप', 'conf': 95, 'text_left': 586, 'text_top': 2135, 'text_width': 188, 'text_height': 62}, {'text': 'करना', 'conf': 95, 'text_left': 802, 'text_top': 2150, 'text_width': 129, 'text_height': 41}, {'text': 'उचित', 'conf': 96, 'text_left': 960, 'text_top': 2135, 'text_width': 133, 'text_height': 56}, {'text': 'नहीं', 'conf': 94, 'text_left': 1121, 'text_top': 2134, 'text_width': 89, 'text_height': 63}, {'text': 'समझा', 'conf': 95, 'text_left': 1238, 'text_top': 2150, 'text_width': 151, 'text_height': 49}, {'text': 'क्योंकि', 'conf': 80, 'text_left': 1417, 'text_top': 2134, 'text_width': 157, 'text_height': 54}, {'text': 'विवाद', 'conf': 96, 'text_left': 1602, 'text_top': 2135, 'text_width': 140, 'text_height': 58}, {'text': 'का', 'conf': 95, 'text_left': 1769, 'text_top': 2150, 'text_width': 62, 'text_height': 38}, {'text': 'प्रश्\u200dन', 'conf': 91, 'text_left': 1860, 'text_top': 2149, 'text_width': 104, 'text_height': 41}, {'text': 'तथा', 'conf': 95, 'text_left': 1992, 'text_top': 2147, 'text_width': 97, 'text_height': 44}, {'text': 'विवाद', 'conf': 95, 'text_left': 2117, 'text_top': 2135, 'text_width': 139, 'text_height': 58}, {'text': 'पूरी', 'conf': 96, 'text_left': 586, 'text_top': 2331, 'text_width': 80, 'text_height': 75}, {'text': 'तरह', 'conf': 94, 'text_left': 693, 'text_top': 2346, 'text_width': 101, 'text_height': 47}, {'text': 'से', 'conf': 94, 'text_left': 821, 'text_top': 2331, 'text_width': 45, 'text_height': 56}, {'text': 'अनुबंध', 'conf': 96, 'text_left': 892, 'text_top': 2330, 'text_width': 164, 'text_height': 78}, {'text': 'की', 'conf': 95, 'text_left': 1082, 'text_top': 2331, 'text_width': 63, 'text_height': 53}, {'text': 'शर्तों', 'conf': 92, 'text_left': 1176, 'text_top': 2329, 'text_width': 95, 'text_height': 58}, {'text': 'से', 'conf': 96, 'text_left': 1298, 'text_top': 2331, 'text_width': 45, 'text_height': 56}, {'text': 'जुड़ा', 'conf': 96, 'text_left': 1370, 'text_top': 2346, 'text_width': 95, 'text_height': 62}, {'text': 'है', 'conf': 94, 'text_left': 1492, 'text_top': 2330, 'text_width': 34, 'text_height': 63}, {'text': '|', 'conf': 96, 'text_left': 1527, 'text_top': 2323, 'text_width': 34, 'text_height': 89}]"
2,,18,917,162,659,384, 5. दोनों पक्षों के विद्वान्‌ अधिवक्ताओं को सुनने के पश्चात्‌ हमारा यह विचार है कि उच्च न्यायालय के निर्णय को खारिज कर दिया जाये | इस बात को लेकर कोई विवाद नहीं है कि इसे मुकद्दमे में प्रत्यर्थी द्वारा किया गया कार्य पूर्णत: एकपक्षीय है एवं इस तरह अनुच्छेद 14 के अंतर्गत प्रदान किये गये अपीलार्थी के मौलिक अधिकारों का उल्लंघन था | तथ्यों को लेकर कोई भी विवादित प्रश्‍न नहीं है एवं इस,21,ABCDEE+Mangal,#000000,,Mangal,19,"{""level_0"":{""11"":11,""12"":12,""13"":13,""14"":14,""15"":15,""16"":16},""index"":{""11"":11,""12"":12,""13"":13,""14"":14,""15"":15,""16"":16},""xml_index"":{""11"":18,""12"":20,""13"":21,""14"":22,""15"":24,""16"":25},""text_top"":{""11"":917,""12"":987,""13"":1058,""14"":1128,""15"":1199,""16"":1270},""text_left"":{""11"":162,""12"":209,""13"":209,""14"":209,""15"":209,""16"":209},""text_width"":{""11"":659,""12"":611,""13"":611,""14"":606,""15"":611,""16"":611},""text_height"":{""11"":27,""12"":31,""13"":32,""14"":28,""15"":31,""16"":31},""text"":{""11"":""5.  \u0926\u094b\u0928\u094b\u0902  \u092a\u093f\u094b\u0902  \u0915\u0947  \u0935\u0935\u0926\u094d\u0935\u094d\u0928 \u094d  \u0905\u0927\u0927\u0935\u0915\u094d\u093f\u094d\u0913\u0902  \u0915\u094b  \u091a\u0941 \u0928\u0928\u0947  \u0915\u0947  \u092a\u0936\u094d\u0940\u094d\u093f\u094d  \u0939\u092e\u094d\u092e\u094d  \u092a\u0939 "",""12"":""\u0935\u0935\u0940\u094d\u092e \u0939\u0948 \u0915\u0915 \u0909\u091a\u0940 \u0928\u094d\u092a\u094d\u092a\u094d\u093f\u092a \u0915\u0947 \u0924\u0928\u0923\u091f\u092a \u0915\u094b \u094d\u094d\u0930\u092e\u091c \u0915\u092e \u0926\u0926\u092a\u094d \u091c\u094d\u092a\u0947 | "",""13"":""\u0907\u091a\u0941 \u092c\u094d\u093f \u0915\u094b \u093f\u0947\u0915\u092e \u0915\u094b\u0908 \u0935\u0935\u0935\u094d\u0926 \u0928\u0939\u0940\u0902 \u0939\u0948  \u0915\u0915 \u0907\u091a\u0941\u0947 \u092e \u0915\u0926\u094d\u0926\u092e\u0947 \u092e\u0947\u0902 \u093e\u0924\u094d\u092a\u0930\u094d\u0925\u0940 "",""14"":""\u0926\u094d\u0935\u094d\u092e\u094d \u0915\u0915\u092a\u094d \u0917\u092a\u094d \u0915\u094d\u092a\u091f \u092a\u0942\u0923\u091f\u093f: \u090f\u0915\u092a\u093f\u092f\u092a \u0939\u0948 \u090f\u0935\u0902 \u0907\u091a\u0941 \u093f\u092e\u0939 \u0905\u0928 \u091a\u091b\u0947\u0926  14 "",""15"":""\u0915\u0947  \u0905\u0902\u093f\u0917\u091f\u093f  \u093e\u0926\u094d\u0928  \u0915\u0915\u092a\u0947  \u0917\u092a\u0947  \u0905\u092a\u092f\u093f\u094d\u0930\u094d\u0925\u0940  \u0915\u0947  \u092e\u094c\u0932\u093f\u0915  \u0905\u0927\u0927\u0915\u094d\u092e\u094b\u0902  \u0915\u094d "",""16"":""\u0909\u0932\u094d\u093f\u0902\u0918\u0928 \u0930\u094d\u0925\u094d | \u093f\u0925\u094d\u092a\u094b\u0902 \u0915\u094b \u093f\u0947\u0915\u092e \u0915\u094b\u0908 \u092d\u092f \u0935\u0935\u0935\u094d\u0926\u0926\u093f \u093e\u0936\u094d\u0928 \u0928\u0939\u0940\u0902 \u0939\u0948 \u090f\u0935\u0902 \u0907\u091a\u0941 ""},""font_size"":{""11"":21,""12"":21,""13"":21,""14"":21,""15"":21,""16"":21},""font_family"":{""11"":""ABCDEE+Mangal"",""12"":""ABCDEE+Mangal"",""13"":""ABCDEE+Mangal"",""14"":""ABCDEE+Mangal"",""15"":""ABCDEE+Mangal"",""16"":""ABCDEE+Mangal""},""font_color"":{""11"":""#000000"",""12"":""#000000"",""13"":""#000000"",""14"":""#000000"",""15"":""#000000"",""16"":""#000000""},""attrib"":{""11"":null,""12"":"""",""13"":"""",""14"":null,""15"":"""",""16"":""""},""font_family_updated"":{""11"":""Mangal"",""12"":""Mangal"",""13"":""Mangal"",""14"":""Mangal"",""15"":""Mangal"",""16"":""Mangal""},""font_size_updated"":{""11"":19,""12"":19,""13"":19,""14"":19,""15"":19,""16"":19},""children"":{""11"":""{\""index\"":{\""0\"":0,\""1\"":1},\""xml_index\"":{\""0\"":18,\""1\"":19},\""text_top\"":{\""0\"":923,\""1\"":917},\""text_left\"":{\""0\"":162,\""1\"":188},\""text_width\"":{\""0\"":21,\""1\"":633},\""text_height\"":{\""0\"":21,\""1\"":32},\""text\"":{\""0\"":\""5. \"",\""1\"":\""\\u0926\\u094b\\u0928\\u094b\\u0902  \\u092a\\u093f\\u094b\\u0902  \\u0915\\u0947  \\u0935\\u0935\\u0926\\u094d\\u0935\\u094d\\u0928 \\u094d  \\u0905\\u0927\\u0927\\u0935\\u0915\\u094d\\u093f\\u094d\\u0913\\u0902  \\u0915\\u094b  \\u091a\\u0941 \\u0928\\u0928\\u0947  \\u0915\\u0947  \\u092a\\u0936\\u094d\\u0940\\u094d\\u093f\\u094d  \\u0939\\u092e\\u094d\\u092e\\u094d  \\u092a\\u0939 \""},\""font_size\"":{\""0\"":21,\""1\"":21},\""font_family\"":{\""0\"":\""ABCDEE+Calibri\"",\""1\"":\""ABCDEE+Mangal\""},\""font_color\"":{\""0\"":\""#000000\"",\""1\"":\""#000000\""},\""attrib\"":{\""0\"":\""\"",\""1\"":\""SUPERSCRIPT\""},\""font_family_updated\"":{\""0\"":\""Calibri\"",\""1\"":\""Mangal\""},\""font_size_updated\"":{\""0\"":19,\""1\"":19}}"",""12"":null,""13"":null,""14"":""{\""index\"":{\""0\"":0,\""1\"":1},\""xml_index\"":{\""0\"":22,\""1\"":23},\""text_top\"":{\""0\"":1128,\""1\"":1135},\""text_left\"":{\""0\"":209,\""1\"":789},\""text_width\"":{\""0\"":579,\""1\"":26},\""text_height\"":{\""0\"":32,\""1\"":21},\""text\"":{\""0\"":\""\\u0926\\u094d\\u0935\\u094d\\u092e\\u094d \\u0915\\u0915\\u092a\\u094d \\u0917\\u092a\\u094d \\u0915\\u094d\\u092a\\u091f \\u092a\\u0942\\u0923\\u091f\\u093f: \\u090f\\u0915\\u092a\\u093f\\u092f\\u092a \\u0939\\u0948 \\u090f\\u0935\\u0902 \\u0907\\u091a\\u0941 \\u093f\\u092e\\u0939 \\u0905\\u0928 \\u091a\\u091b\\u0947\\u0926 \"",\""1\"":\""14 \""},\""font_size\"":{\""0\"":21,\""1\"":21},\""font_family\"":{\""0\"":\""ABCDEE+Mangal\"",\""1\"":\""ABCDEE+Calibri\""},\""font_color\"":{\""0\"":\""#000000\"",\""1\"":\""#000000\""},\""attrib\"":{\""0\"":\""SUPERSCRIPT\"",\""1\"":\""\""},\""font_family_updated\"":{\""0\"":\""Mangal\"",\""1\"":\""Calibri\""},\""font_size_updated\"":{\""0\"":19,\""1\"":19}}"",""15"":null,""16"":null}}",,30.0,"[{'text': '5.', 'conf': 96, 'text_left': 458, 'text_top': 2585, 'text_width': 37, 'text_height': 38}, {'text': 'दोनों', 'conf': 94, 'text_left': 526, 'text_top': 2568, 'text_width': 105, 'text_height': 59}, {'text': 'पक्षों', 'conf': 96, 'text_left': 672, 'text_top': 2568, 'text_width': 98, 'text_height': 56}, {'text': 'के', 'conf': 96, 'text_left': 811, 'text_top': 2569, 'text_width': 48, 'text_height': 53}, {'text': 'विद्वान्\u200c', 'conf': 87, 'text_left': 899, 'text_top': 2569, 'text_width': 182, 'text_height': 71}, {'text': 'अधिवक्ताओं', 'conf': 63, 'text_left': 1118, 'text_top': 2568, 'text_width': 294, 'text_height': 57}, {'text': 'को', 'conf': 96, 'text_left': 1452, 'text_top': 2569, 'text_width': 63, 'text_height': 53}, {'text': 'सुनने', 'conf': 96, 'text_left': 1556, 'text_top': 2569, 'text_width': 124, 'text_height': 77}, {'text': 'के', 'conf': 96, 'text_left': 1720, 'text_top': 2569, 'text_width': 48, 'text_height': 53}, {'text': 'पश्चात्\u200c', 'conf': 84, 'text_left': 1809, 'text_top': 2583, 'text_width': 161, 'text_height': 53}, {'text': 'हमारा', 'conf': 96, 'text_left': 2009, 'text_top': 2584, 'text_width': 134, 'text_height': 47}, {'text': 'यह', 'conf': 96, 'text_left': 2184, 'text_top': 2584, 'text_width': 73, 'text_height': 47}, {'text': 'विचार', 'conf': 96, 'text_left': 586, 'text_top': 2765, 'text_width': 139, 'text_height': 56}, {'text': 'है', 'conf': 95, 'text_left': 757, 'text_top': 2764, 'text_width': 34, 'text_height': 63}, {'text': 'कि', 'conf': 96, 'text_left': 823, 'text_top': 2765, 'text_width': 66, 'text_height': 53}, {'text': 'उच्च', 'conf': 96, 'text_left': 921, 'text_top': 2780, 'text_width': 108, 'text_height': 39}, {'text': 'न्यायालय', 'conf': 92, 'text_left': 1061, 'text_top': 2780, 'text_width': 225, 'text_height': 39}, {'text': 'के', 'conf': 96, 'text_left': 1317, 'text_top': 2765, 'text_width': 48, 'text_height': 53}, {'text': 'निर्णय', 'conf': 95, 'text_left': 1397, 'text_top': 2763, 'text_width': 146, 'text_height': 55}, {'text': 'को', 'conf': 95, 'text_left': 1574, 'text_top': 2765, 'text_width': 63, 'text_height': 53}, {'text': 'खारिज', 'conf': 95, 'text_left': 1669, 'text_top': 2765, 'text_width': 157, 'text_height': 56}, {'text': 'कर', 'conf': 96, 'text_left': 1858, 'text_top': 2780, 'text_width': 75, 'text_height': 41}, {'text': 'दिया', 'conf': 96, 'text_left': 1965, 'text_top': 2765, 'text_width': 108, 'text_height': 58}, {'text': 'जाये', 'conf': 96, 'text_left': 2105, 'text_top': 2765, 'text_width': 103, 'text_height': 53}, {'text': '|', 'conf': 96, 'text_left': 2208, 'text_top': 2759, 'text_width': 40, 'text_height': 77}, {'text': 'इस', 'conf': 94, 'text_left': 586, 'text_top': 2976, 'text_width': 77, 'text_height': 50}, {'text': 'बात', 'conf': 95, 'text_left': 698, 'text_top': 2976, 'text_width': 91, 'text_height': 41}, {'text': 'को', 'conf': 95, 'text_left': 824, 'text_top': 2961, 'text_width': 63, 'text_height': 53}, {'text': 'लेकर', 'conf': 95, 'text_left': 922, 'text_top': 2961, 'text_width': 117, 'text_height': 56}, {'text': 'कोई', 'conf': 95, 'text_left': 1074, 'text_top': 2959, 'text_width': 96, 'text_height': 67}, {'text': 'विवाद', 'conf': 95, 'text_left': 1204, 'text_top': 2961, 'text_width': 140, 'text_height': 58}, {'text': 'नहीं', 'conf': 93, 'text_left': 1378, 'text_top': 2960, 'text_width': 88, 'text_height': 63}, {'text': 'है', 'conf': 96, 'text_left': 1502, 'text_top': 2960, 'text_width': 34, 'text_height': 63}, {'text': 'कि', 'conf': 96, 'text_left': 1572, 'text_top': 2961, 'text_width': 66, 'text_height': 53}, {'text': 'इसे', 'conf': 93, 'text_left': 1673, 'text_top': 2961, 'text_width': 77, 'text_height': 65}, {'text': 'मुकद्दमे', 'conf': 64, 'text_left': 1785, 'text_top': 2961, 'text_width': 200, 'text_height': 77}, {'text': 'में', 'conf': 95, 'text_left': 2020, 'text_top': 2961, 'text_width': 45, 'text_height': 53}, {'text': 'प्रत्यर्थी', 'conf': 95, 'text_left': 2099, 'text_top': 2960, 'text_width': 158, 'text_height': 57}, {'text': 'द्वारा', 'conf': 78, 'text_left': 586, 'text_top': 3172, 'text_width': 128, 'text_height': 56}, {'text': 'किया', 'conf': 96, 'text_left': 744, 'text_top': 3157, 'text_width': 120, 'text_height': 53}, {'text': 'गया', 'conf': 96, 'text_left': 894, 'text_top': 3172, 'text_width': 97, 'text_height': 38}, {'text': 'कार्य', 'conf': 96, 'text_left': 1021, 'text_top': 3155, 'text_width': 102, 'text_height': 55}, {'text': 'पूर्णत:', 'conf': 75, 'text_left': 1152, 'text_top': 3155, 'text_width': 133, 'text_height': 77}, {'text': 'एकपक्षीय', 'conf': 96, 'text_left': 1321, 'text_top': 3159, 'text_width': 219, 'text_height': 53}, {'text': 'है', 'conf': 95, 'text_left': 1568, 'text_top': 3156, 'text_width': 34, 'text_height': 63}, {'text': 'एवं', 'conf': 96, 'text_left': 1632, 'text_top': 3156, 'text_width': 72, 'text_height': 55}, {'text': 'इस', 'conf': 95, 'text_left': 1733, 'text_top': 3172, 'text_width': 77, 'text_height': 50}, {'text': 'तरह', 'conf': 96, 'text_left': 1839, 'text_top': 3172, 'text_width': 100, 'text_height': 47}, {'text': 'अनुच्छेद', 'conf': 95, 'text_left': 1968, 'text_top': 3157, 'text_width': 199, 'text_height': 77}, {'text': '14', 'conf': 96, 'text_left': 2201, 'text_top': 3173, 'text_width': 52, 'text_height': 37}, {'text': 'के', 'conf': 96, 'text_left': 586, 'text_top': 3353, 'text_width': 48, 'text_height': 53}, {'text': 'अंतर्गत', 'conf': 94, 'text_left': 683, 'text_top': 3351, 'text_width': 166, 'text_height': 58}, {'text': 'प्रदान', 'conf': 96, 'text_left': 899, 'text_top': 3368, 'text_width': 125, 'text_height': 43}, {'text': 'किये', 'conf': 95, 'text_left': 1073, 'text_top': 3353, 'text_width': 106, 'text_height': 53}, {'text': 'गये', 'conf': 93, 'text_left': 1228, 'text_top': 3353, 'text_width': 83, 'text_height': 53}, {'text': 'अपीलार्थी', 'conf': 90, 'text_left': 1360, 'text_top': 3352, 'text_width': 212, 'text_height': 55}, {'text': 'के', 'conf': 96, 'text_left': 1621, 'text_top': 3353, 'text_width': 48, 'text_height': 53}, {'text': 'मौलिक', 'conf': 95, 'text_left': 1719, 'text_top': 3352, 'text_width': 167, 'text_height': 55}, {'text': 'अधिकारों', 'conf': 96, 'text_left': 1935, 'text_top': 3352, 'text_width': 210, 'text_height': 57}, {'text': 'का', 'conf': 96, 'text_left': 2194, 'text_top': 3368, 'text_width': 62, 'text_height': 38}, {'text': 'उल्लंघन', 'conf': 91, 'text_left': 586, 'text_top': 3550, 'text_width': 191, 'text_height': 54}, {'text': 'था', 'conf': 96, 'text_left': 809, 'text_top': 3562, 'text_width': 55, 'text_height': 41}, {'text': '|', 'conf': 96, 'text_left': 899, 'text_top': 3560, 'text_width': 4, 'text_height': 56}, {'text': 'तथ्यों', 'conf': 95, 'text_left': 939, 'text_top': 3549, 'text_width': 127, 'text_height': 57}, {'text': 'को', 'conf': 96, 'text_left': 1094, 'text_top': 3550, 'text_width': 63, 'text_height': 53}, {'text': 'लेकर', 'conf': 95, 'text_left': 1186, 'text_top': 3550, 'text_width': 117, 'text_height': 56}, {'text': 'कोई', 'conf': 96, 'text_left': 1331, 'text_top': 3548, 'text_width': 96, 'text_height': 67}, {'text': 'भी', 'conf': 96, 'text_left': 1457, 'text_top': 3552, 'text_width': 57, 'text_height': 51}, {'text': 'विवादित', 'conf': 95, 'text_left': 1543, 'text_top': 3550, 'text_width': 196, 'text_height': 58}, {'text': 'प्रश्\u200dन', 'conf': 86, 'text_left': 1767, 'text_top': 3564, 'text_width': 105, 'text_height': 41}, {'text': 'नहीं', 'conf': 94, 'text_left': 1900, 'text_top': 3549, 'text_width': 88, 'text_height': 63}, {'text': 'है', 'conf': 96, 'text_left': 2018, 'text_top': 3549, 'text_width': 34, 'text_height': 63}, {'text': 'एवं', 'conf': 96, 'text_left': 2080, 'text_top': 3549, 'text_width': 72, 'text_height': 55}, {'text': 'इस', 'conf': 95, 'text_left': 2181, 'text_top': 3565, 'text_width': 77, 'text_height': 50}]"
0,,0,111,209,612,173, न्यायालय के कई निर्णयों द्वारा पहले ही निर्धारित है कि अनुबंधीय क्षेत्रों में भीतर भी राज्य संविधान के अनुच्छेद 12 के अंतर्गत परिभाषा के अनुसार एकपक्षीय नहीं हो सकती |,21,ABCDEE+Mangal,#000000,,Mangal,19,"{""level_0"":{""0"":0,""1"":1,""2"":2},""index"":{""0"":0,""1"":1,""2"":2},""xml_index"":{""0"":0,""1"":1,""2"":4},""text_top"":{""0"":111,""1"":181,""2"":252},""text_left"":{""0"":209,""1"":209,""2"":209},""text_width"":{""0"":611,""1"":612,""2"":324},""text_height"":{""0"":32,""1"":27,""2"":32},""text"":{""0"":""\u0928\u094d\u092a\u094d\u092a\u094d\u093f\u092a \u0915\u0947 \u0915\u0908 \u0924\u0928\u0923\u091f\u092a\u094b\u0902 \u0926\u094d\u0935\u094d\u092e\u094d \u092a\u0939\u093f\u0947 \u0939\u0940 \u0924\u0928\u0927\u094d\u091f\u0930\u092e\u093f \u0939\u0948  \u0915\u0915 \u0905\u0928 \u092c\u0902\u0927\u092f\u092a "",""1"":""\u093f\u0947\u0924\u094d\u0930\u094b\u0902 \u092e\u0947\u0902 \u092d\u092f\u093f\u092e \u092d\u092f \u092e\u094d\u091c\u094d\u092a \u091a\u0941\u0902\u0935\u0935\u0927\u094d\u0928 \u0915\u0947 \u0905\u0928 \u091a\u091b\u0947\u0926  12  \u0915\u0947 \u0905\u0902\u093f\u0917\u091f\u093f \u092a\u0930\u092e\u092d\u094d\u0930\u094d\u094d "",""2"":""\u0915\u0947 \u0905\u0928 \u091a\u0941\u094d\u092e \u090f\u0915\u092a\u093f\u092f\u092a \u0928\u0939\u0940\u0902 \u0939\u094b \u091a\u0941\u0915\u093f\u092f |""},""font_size"":{""0"":21,""1"":21,""2"":21},""font_family"":{""0"":""ABCDEE+Mangal"",""1"":""ABCDEE+Mangal"",""2"":""ABCDEE+Mangal""},""font_color"":{""0"":""#000000"",""1"":""#000000"",""2"":""#000000""},""attrib"":{""0"":"""",""1"":null,""2"":""""},""font_family_updated"":{""0"":""Mangal"",""1"":""Mangal"",""2"":""Mangal""},""font_size_updated"":{""0"":19,""1"":19,""2"":19},""children"":{""0"":null,""1"":""{\""index\"":{\""0\"":0,\""1\"":1,\""2\"":2},\""xml_index\"":{\""0\"":1,\""1\"":2,\""2\"":3},\""text_top\"":{\""0\"":181,\""1\"":187,\""2\"":181},\""text_left\"":{\""0\"":209,\""1\"":616,\""2\"":644},\""text_width\"":{\""0\"":406,\""1\"":26,\""2\"":177},\""text_height\"":{\""0\"":32,\""1\"":21,\""2\"":31},\""text\"":{\""0\"":\""\\u093f\\u0947\\u0924\\u094d\\u0930\\u094b\\u0902 \\u092e\\u0947\\u0902 \\u092d\\u092f\\u093f\\u092e \\u092d\\u092f \\u092e\\u094d\\u091c\\u094d\\u092a \\u091a\\u0941\\u0902\\u0935\\u0935\\u0927\\u094d\\u0928 \\u0915\\u0947 \\u0905\\u0928 \\u091a\\u091b\\u0947\\u0926 \"",\""1\"":\""12 \"",\""2\"":\""\\u0915\\u0947 \\u0905\\u0902\\u093f\\u0917\\u091f\\u093f \\u092a\\u0930\\u092e\\u092d\\u094d\\u0930\\u094d\\u094d \""},\""font_size\"":{\""0\"":21,\""1\"":21,\""2\"":21},\""font_family\"":{\""0\"":\""ABCDEE+Mangal\"",\""1\"":\""ABCDEE+Calibri\"",\""2\"":\""ABCDEE+Mangal\""},\""font_color\"":{\""0\"":\""#000000\"",\""1\"":\""#000000\"",\""2\"":\""#000000\""},\""attrib\"":{\""0\"":\""SUPERSCRIPT\"",\""1\"":\""\"",\""2\"":\""SUPERSCRIPT\""},\""font_family_updated\"":{\""0\"":\""Mangal\"",\""1\"":\""Calibri\"",\""2\"":\""Mangal\""},\""font_size_updated\"":{\""0\"":19,\""1\"":19,\""2\"":19}}"",""2"":null}}",,30.0,"[{'text': 'न्यायालय', 'conf': 95, 'text_left': 585, 'text_top': 345, 'text_width': 225, 'text_height': 39}, {'text': 'के', 'conf': 95, 'text_left': 845, 'text_top': 330, 'text_width': 48, 'text_height': 53}, {'text': 'कई', 'conf': 93, 'text_left': 927, 'text_top': 328, 'text_width': 80, 'text_height': 67}, {'text': 'निर्णयों', 'conf': 90, 'text_left': 1042, 'text_top': 328, 'text_width': 161, 'text_height': 55}, {'text': 'द्वारा', 'conf': 72, 'text_left': 1238, 'text_top': 345, 'text_width': 128, 'text_height': 56}, {'text': 'पहले', 'conf': 95, 'text_left': 1402, 'text_top': 330, 'text_width': 112, 'text_height': 62}, {'text': 'ही', 'conf': 96, 'text_left': 1547, 'text_top': 330, 'text_width': 49, 'text_height': 62}, {'text': 'निर्धारित', 'conf': 95, 'text_left': 1632, 'text_top': 328, 'text_width': 200, 'text_height': 58}, {'text': 'है', 'conf': 95, 'text_left': 1868, 'text_top': 329, 'text_width': 34, 'text_height': 63}, {'text': 'कि', 'conf': 92, 'text_left': 1937, 'text_top': 330, 'text_width': 67, 'text_height': 53}, {'text': 'अनुबंधीय', 'conf': 88, 'text_left': 2038, 'text_top': 329, 'text_width': 219, 'text_height': 78}, {'text': 'क्षेत्रों', 'conf': 91, 'text_left': 586, 'text_top': 525, 'text_width': 96, 'text_height': 56}, {'text': 'में', 'conf': 68, 'text_left': 713, 'text_top': 526, 'text_width': 45, 'text_height': 53}, {'text': 'भीतर', 'conf': 96, 'text_left': 790, 'text_top': 528, 'text_width': 123, 'text_height': 54}, {'text': 'भी', 'conf': 96, 'text_left': 946, 'text_top': 528, 'text_width': 58, 'text_height': 51}, {'text': 'राज्य', 'conf': 96, 'text_left': 1034, 'text_top': 541, 'text_width': 121, 'text_height': 41}, {'text': 'संविधान', 'conf': 95, 'text_left': 1185, 'text_top': 525, 'text_width': 195, 'text_height': 57}, {'text': 'के', 'conf': 96, 'text_left': 1409, 'text_top': 526, 'text_width': 48, 'text_height': 53}, {'text': 'अनुच्छेद', 'conf': 96, 'text_left': 1487, 'text_top': 526, 'text_width': 199, 'text_height': 77}, {'text': '12', 'conf': 96, 'text_left': 1721, 'text_top': 542, 'text_width': 50, 'text_height': 37}, {'text': 'के', 'conf': 96, 'text_left': 1791, 'text_top': 526, 'text_width': 48, 'text_height': 53}, {'text': 'अंतर्गत', 'conf': 94, 'text_left': 1869, 'text_top': 524, 'text_width': 167, 'text_height': 58}, {'text': 'परिभाषा', 'conf': 96, 'text_left': 2066, 'text_top': 526, 'text_width': 190, 'text_height': 56}, {'text': 'के', 'conf': 96, 'text_left': 585, 'text_top': 723, 'text_width': 48, 'text_height': 53}, {'text': 'अनुसार', 'conf': 96, 'text_left': 660, 'text_top': 737, 'text_width': 172, 'text_height': 63}, {'text': 'एकपक्षीय', 'conf': 96, 'text_left': 860, 'text_top': 725, 'text_width': 219, 'text_height': 53}, {'text': 'नहीं', 'conf': 95, 'text_left': 1105, 'text_top': 722, 'text_width': 89, 'text_height': 63}, {'text': 'हो', 'conf': 96, 'text_left': 1221, 'text_top': 723, 'text_width': 48, 'text_height': 62}, {'text': 'सकती', 'conf': 95, 'text_left': 1297, 'text_top': 725, 'text_width': 144, 'text_height': 54}, {'text': '|', 'conf': 96, 'text_left': 1475, 'text_top': 733, 'text_width': 4, 'text_height': 56}]"
1,,5,337,162,659,173, 6. इस कारण से हम उच्च न्यायालय के निर्णय को ख़ारिज करते हैं इसके परिणामतः जहाँ तक कि गोवा के मैच का संबंध है अब प्रत्यर्थी अपीलार्थी के दावे को आगे बढ़ाएगा |,21,ABCDEE+Mangal,#000000,,Mangal,19,"{""level_0"":{""3"":3,""4"":4,""5"":5},""index"":{""3"":3,""4"":4,""5"":5},""xml_index"":{""3"":5,""4"":7,""5"":8},""text_top"":{""3"":337,""4"":408,""5"":479},""text_left"":{""3"":162,""4"":209,""5"":209},""text_width"":{""3"":659,""4"":611,""5"":312},""text_height"":{""3"":28,""4"":31,""5"":31},""text"":{""3"":""6.  \u0907\u091a\u0941 \u0915\u094d\u092e\u0923 \u091a\u0941\u0947 \u0939\u092e \u0909\u091a\u0940 \u0928\u094d\u092a\u094d\u092a\u094d\u093f\u092a \u0915\u0947 \u0924\u0928\u0923\u091f\u092a \u0915\u094b \u0959\u094d\u0930\u092e\u091c \u0915\u092e\u093f\u0947 \u0939\u0948\u0902 \u0907\u091a\u0941\u0915\u0947 "",""4"":""\u092a\u0930\u092e\u0923\u094d\u092e\u093f:  \u091c\u0939\u094d\u093e\u0901  \u093f\u0915  \u0915\u0915  \u0917\u094b\u0935\u094d  \u0915\u0947  \u092e\u0948\u0940  \u0915\u094d  \u091a\u0941\u0902\u092c\u0902\u0927  \u0939\u0948  \u0905\u092c  \u093e\u0924\u094d\u092a\u0930\u094d\u0925\u0940 "",""5"":""\u0905\u092a\u092f\u093f\u094d\u0930\u094d\u0925\u0940 \u0915\u0947 \u0926\u094d\u0935\u0947 \u0915\u094b \u0906\u0917\u0947 \u092c\u095d\u094d\u090f\u0917\u094d |""},""font_size"":{""3"":21,""4"":21,""5"":21},""font_family"":{""3"":""ABCDEE+Mangal"",""4"":""ABCDEE+Mangal"",""5"":""ABCDEE+Mangal""},""font_color"":{""3"":""#000000"",""4"":""#000000"",""5"":""#000000""},""attrib"":{""3"":null,""4"":"""",""5"":""""},""font_family_updated"":{""3"":""Mangal"",""4"":""Mangal"",""5"":""Mangal""},""font_size_updated"":{""3"":19,""4"":19,""5"":19},""children"":{""3"":""{\""index\"":{\""0\"":0,\""1\"":1},\""xml_index\"":{\""0\"":5,\""1\"":6},\""text_top\"":{\""0\"":344,\""1\"":337},\""text_left\"":{\""0\"":162,\""1\"":185},\""text_width\"":{\""0\"":21,\""1\"":636},\""text_height\"":{\""0\"":21,\""1\"":31},\""text\"":{\""0\"":\""6. \"",\""1\"":\""\\u0907\\u091a\\u0941 \\u0915\\u094d\\u092e\\u0923 \\u091a\\u0941\\u0947 \\u0939\\u092e \\u0909\\u091a\\u0940 \\u0928\\u094d\\u092a\\u094d\\u092a\\u094d\\u093f\\u092a \\u0915\\u0947 \\u0924\\u0928\\u0923\\u091f\\u092a \\u0915\\u094b \\u0959\\u094d\\u0930\\u092e\\u091c \\u0915\\u092e\\u093f\\u0947 \\u0939\\u0948\\u0902 \\u0907\\u091a\\u0941\\u0915\\u0947 \""},\""font_size\"":{\""0\"":21,\""1\"":21},\""font_family\"":{\""0\"":\""ABCDEE+Calibri\"",\""1\"":\""ABCDEE+Mangal\""},\""font_color\"":{\""0\"":\""#000000\"",\""1\"":\""#000000\""},\""attrib\"":{\""0\"":\""\"",\""1\"":\""SUPERSCRIPT\""},\""font_family_updated\"":{\""0\"":\""Calibri\"",\""1\"":\""Mangal\""},\""font_size_updated\"":{\""0\"":19,\""1\"":19}}"",""4"":null,""5"":null}}",,30.0,"[{'text': '6.', 'conf': 96, 'text_left': 458, 'text_top': 976, 'text_width': 36, 'text_height': 38}, {'text': 'इस', 'conf': 95, 'text_left': 517, 'text_top': 975, 'text_width': 77, 'text_height': 50}, {'text': 'कारण', 'conf': 96, 'text_left': 626, 'text_top': 975, 'text_width': 137, 'text_height': 41}, {'text': 'से', 'conf': 96, 'text_left': 796, 'text_top': 960, 'text_width': 45, 'text_height': 56}, {'text': 'हम', 'conf': 96, 'text_left': 873, 'text_top': 975, 'text_width': 77, 'text_height': 47}, {'text': 'उच्च', 'conf': 95, 'text_left': 982, 'text_top': 975, 'text_width': 108, 'text_height': 39}, {'text': 'न्यायालय', 'conf': 90, 'text_left': 1123, 'text_top': 975, 'text_width': 224, 'text_height': 39}, {'text': 'के', 'conf': 96, 'text_left': 1379, 'text_top': 960, 'text_width': 48, 'text_height': 53}, {'text': 'निर्णय', 'conf': 95, 'text_left': 1459, 'text_top': 958, 'text_width': 147, 'text_height': 55}, {'text': 'को', 'conf': 93, 'text_left': 1637, 'text_top': 960, 'text_width': 63, 'text_height': 53}, {'text': 'ख़ारिज', 'conf': 90, 'text_left': 1733, 'text_top': 960, 'text_width': 157, 'text_height': 58}, {'text': 'करते', 'conf': 96, 'text_left': 1922, 'text_top': 960, 'text_width': 114, 'text_height': 56}, {'text': 'हैं', 'conf': 96, 'text_left': 2068, 'text_top': 959, 'text_width': 34, 'text_height': 63}, {'text': 'इसके', 'conf': 96, 'text_left': 2135, 'text_top': 960, 'text_width': 122, 'text_height': 65}, {'text': 'परिणामतः', 'conf': 89, 'text_left': 586, 'text_top': 1156, 'text_width': 236, 'text_height': 56}, {'text': 'जहाँ', 'conf': 96, 'text_left': 873, 'text_top': 1154, 'text_width': 96, 'text_height': 64}, {'text': 'तक', 'conf': 96, 'text_left': 1012, 'text_top': 1171, 'text_width': 86, 'text_height': 41}, {'text': 'कि', 'conf': 96, 'text_left': 1142, 'text_top': 1156, 'text_width': 66, 'text_height': 53}, {'text': 'गोवा', 'conf': 95, 'text_left': 1251, 'text_top': 1156, 'text_width': 108, 'text_height': 53}, {'text': 'के', 'conf': 95, 'text_left': 1403, 'text_top': 1156, 'text_width': 48, 'text_height': 53}, {'text': 'मैच', 'conf': 95, 'text_left': 1494, 'text_top': 1155, 'text_width': 86, 'text_height': 54}, {'text': 'का', 'conf': 95, 'text_left': 1623, 'text_top': 1171, 'text_width': 63, 'text_height': 38}, {'text': 'संबंध', 'conf': 95, 'text_left': 1730, 'text_top': 1155, 'text_width': 121, 'text_height': 57}, {'text': 'है', 'conf': 96, 'text_left': 1894, 'text_top': 1155, 'text_width': 34, 'text_height': 63}, {'text': 'अब', 'conf': 96, 'text_left': 1971, 'text_top': 1170, 'text_width': 83, 'text_height': 40}, {'text': 'प्रत्यर्थी', 'conf': 94, 'text_left': 2099, 'text_top': 1155, 'text_width': 158, 'text_height': 57}, {'text': 'अपीलार्थी', 'conf': 90, 'text_left': 586, 'text_top': 1351, 'text_width': 212, 'text_height': 55}, {'text': 'के', 'conf': 95, 'text_left': 825, 'text_top': 1352, 'text_width': 48, 'text_height': 53}, {'text': 'दावे', 'conf': 96, 'text_left': 900, 'text_top': 1352, 'text_width': 86, 'text_height': 58}, {'text': 'को', 'conf': 96, 'text_left': 1013, 'text_top': 1352, 'text_width': 62, 'text_height': 53}, {'text': 'आगे', 'conf': 93, 'text_left': 1103, 'text_top': 1352, 'text_width': 104, 'text_height': 54}, {'text': 'बढ़ाएगा', 'conf': 92, 'text_left': 1234, 'text_top': 1367, 'text_width': 177, 'text_height': 46}, {'text': '|', 'conf': 96, 'text_left': 1444, 'text_top': 1362, 'text_width': 4, 'text_height': 56}]"
2,,9,564,162,347,27, 7. तदानुसार अपील खारिज की जाती है |,21,ABCDEE+Mangal,#000000,,Mangal,19,,,27.0,"[{'text': '7.', 'conf': 96, 'text_left': 458, 'text_top': 1605, 'text_width': 36, 'text_height': 37}, {'text': 'तदानुसार', 'conf': 95, 'text_left': 512, 'text_top': 1604, 'text_width': 214, 'text_height': 62}, {'text': 'अपील', 'conf': 95, 'text_left': 754, 'text_top': 1591, 'text_width': 141, 'text_height': 52}, {'text': 'खारिज', 'conf': 96, 'text_left': 921, 'text_top': 1589, 'text_width': 158, 'text_height': 56}, {'text': 'की', 'conf': 96, 'text_left': 1106, 'text_top': 1589, 'text_width': 62, 'text_height': 53}, {'text': 'जाती', 'conf': 96, 'text_left': 1196, 'text_top': 1591, 'text_width': 116, 'text_height': 54}, {'text': 'है', 'conf': 96, 'text_left': 1340, 'text_top': 1588, 'text_width': 34, 'text_height': 63}, {'text': '|', 'conf': 96, 'text_left': 1407, 'text_top': 1599, 'text_width': 4, 'text_height': 56}]"
3,,11,664,647,163,31, nan न्यायाधीश,21,ABCDEE+Mangal,#000000,,Mangal,19,,,31.0,"[{'text': 'nan', 'conf': -1, 'text_left': 1807, 'text_top': 1914, 'text_width': 175, 'text_height': 6}, {'text': 'न्यायाधीश', 'conf': 77, 'text_left': 2016, 'text_top': 1869, 'text_width': 242, 'text_height': 53}]"
4,,12,699,613,197,31, (रोहिंटन फाली नरीमन),21,ABCDEE+Mangal,#000000,,Mangal,19,,,31.0,"[{'text': '(रोहिंटन', 'conf': 85, 'text_left': 1711, 'text_top': 1963, 'text_width': 185, 'text_height': 67}, {'text': 'फाली', 'conf': 96, 'text_left': 1922, 'text_top': 1964, 'text_width': 120, 'text_height': 54}, {'text': 'नरीमन)', 'conf': 96, 'text_left': 2070, 'text_top': 1964, 'text_width': 181, 'text_height': 66}]"
5,,13,830,647,163,31, nan न्यायाधीश,21,ABCDEE+Mangal,#000000,,Mangal,19,,,31.0,"[{'text': 'nan', 'conf': -1, 'text_left': 1807, 'text_top': 2375, 'text_width': 174, 'text_height': 6}, {'text': 'न्यायाधीश', 'conf': 89, 'text_left': 2016, 'text_top': 2330, 'text_width': 242, 'text_height': 52}]"
6,,14,866,693,117,31, (विनीत सरन),21,ABCDEE+Mangal,#000000,,Mangal,19,,,31.0,"[{'text': '(विनीत', 'conf': 95, 'text_left': 1933, 'text_top': 2426, 'text_width': 166, 'text_height': 66}, {'text': 'सरन)', 'conf': 95, 'text_left': 2126, 'text_top': 2435, 'text_width': 126, 'text_height': 57}]"
7,,15,952,162,94,31," नई दिल्ली,",21,ABCDEE+Mangal,#000000,,Mangal,19,,,31.0,"[{'text': 'नई', 'conf': 96, 'text_left': 455, 'text_top': 2666, 'text_width': 73, 'text_height': 67}, {'text': 'दिल्ली,', 'conf': 93, 'text_left': 555, 'text_top': 2668, 'text_width': 156, 'text_height': 61}]"
8,,16,987,162,218,28," दिनांक: 25 जनवरी, 2019",21,ABCDEE+Mangal,#000000,,Mangal,19,,,28.0,"[{'text': 'दिनांक:', 'conf': 88, 'text_left': 455, 'text_top': 2764, 'text_width': 163, 'text_height': 59}, {'text': '25', 'conf': 95, 'text_left': 656, 'text_top': 2780, 'text_width': 52, 'text_height': 39}, {'text': 'जनवरी,', 'conf': 95, 'text_left': 725, 'text_top': 2765, 'text_width': 174, 'text_height': 61}, {'text': '2019', 'conf': 96, 'text_left': 918, 'text_top': 2780, 'text_width': 113, 'text_height': 39}]"
9,,20,1108,162,659,208, अस्वीकरण: वदैशी भ्राषा में निर्णय का अनुवाद मुकद्द्मेबाज़ के सीमित प्रयोग हैतु किया गया हैं ताकि वो अपनी भाषा में 5H समझा सके एवं यह किसी अन्य प्रयोजन हैतठु प्रयोग नहीं किया जाएगा। समस्त कार्यालयी एवं व्यावहारिक प्रयोजनं हेतु निर्णय का अँग्रेज़ी स्वरुप ही अभिप्रमाणित माना जाएगा ऑर कार्यान्वयन तथा लागू किए जाने हेतु उसे ही वरीयता दी जाएगी),22,ABCDEE+Mangal,#000000,,Mangal,20,"{""level_0"":{""13"":13,""14"":14,""15"":15,""16"":16,""17"":17,""18"":18},""index"":{""13"":13,""14"":14,""15"":15,""16"":16,""17"":17,""18"":18},""xml_index"":{""13"":20,""14"":21,""15"":22,""16"":23,""17"":24,""18"":25},""text_top"":{""13"":1108,""14"":1143,""15"":1178,""16"":1213,""17"":1249,""18"":1284},""text_left"":{""13"":162,""14"":162,""15"":162,""16"":162,""17"":162,""18"":162},""text_width"":{""13"":659,""14"":659,""15"":658,""16"":659,""17"":659,""18"":71},""text_height"":{""13"":34,""14"":34,""15"":34,""16"":34,""17"":34,""18"":32},""text"":{""13"":""\u0905\u0930\u094d\u0938\u0935\u092f\u0915\u092e\u0923:  \u0926\u0947\u0936\u092f  \u092d\u094d\u0930\u094d\u094d  \u092e\u0947\u0902  \u0924\u0928\u0923\u091f\u092a  \u0915\u094d  \u0905\u0928 \u0935\u094d\u0926  \u092e \u0915\u0926\u094d\u0926\u094d\u092e\u0947\u092c\u094d\u095b  \u0915\u0947  \u091a\u0941\u092f\u0932\u092e\u093f "",""14"":""\u093e\u092a\u094b\u0917 \u0939\u0947\u093f  \u0915\u0915\u092a\u094d \u0917\u092a\u094d \u0939\u0948 \u093f\u094d\u0915\u0915 \u0935\u094b \u0905\u092a\u0928\u092f \u092d\u094d\u0930\u094d\u094d \u092e\u0947\u0902 \u0907\u091a\u0941\u0947 \u091a\u0941\u092e\u091d \u091a\u0941\u0915\u0947\u0902 \u090f\u0935\u0902 \u092a\u0939 "",""15"":""\u0915\u0915\u091a\u0941\u092f \u0905\u0928\u094d\u092a \u093e\u092a\u094b\u091c\u0928 \u0939\u0947\u093f  \u093e\u092a\u094b\u0917 \u0928\u0939\u0940\u0902 \u0915\u0915\u092a\u094d \u091c\u094d\u090f\u0917\u094d| \u091a\u0941\u092e\u0930\u094d\u0938\u093f \u0915\u094d\u092a\u094d\u091f\u093f\u092a\u092f \u090f\u0935\u0902 "",""16"":""\u0935\u094d\u092a\u094d\u0935\u0939\u094d\u0930\u092e\u0915 \u093e\u092a\u094b\u091c\u0928\u094b\u0902 \u0939\u0947\u093f  \u0924\u0928\u0923\u091f\u092a \u0915\u094d \u0905\u0902\u0917\u094d\u0930\u0947\u095b\u092f \u0930\u094d\u0938\u0935\u0930\u0942\u092a \u0939\u0940 \u0905\u0932\u092d\u093e\u092e\u094d\u0923\u0923\u093f \u092e\u094d\u0928\u094d "",""17"":""\u091c\u094d\u090f\u0917\u094d  \u0914\u092e  \u0915\u094d\u092a\u094d\u091f\u0928\u094d\u0935\u092a\u0928  \u093f\u0930\u094d\u0925\u094d  \u093f\u094d\u0917\u0942  \u0915\u0915\u090f  \u091c\u094d\u0928\u0947  \u0939\u0947\u093f   \u0909\u091a\u0941\u0947  \u0939\u0940  \u0935\u092e\u0940\u092a\u093f\u094d  \u0926\u0940 "",""18"":""\u091c\u094d\u090f\u0917\u092f| ""},""font_size"":{""13"":22,""14"":22,""15"":22,""16"":22,""17"":22,""18"":22},""font_family"":{""13"":""ABCDEE+Mangal"",""14"":""ABCDEE+Mangal"",""15"":""ABCDEE+Mangal"",""16"":""ABCDEE+Mangal"",""17"":""ABCDEE+Mangal"",""18"":""ABCDEE+Mangal""},""font_color"":{""13"":""#000000"",""14"":""#000000"",""15"":""#000000"",""16"":""#000000"",""17"":""#000000"",""18"":""#000000""},""attrib"":{""13"":"""",""14"":"""",""15"":"""",""16"":"""",""17"":"""",""18"":""""},""font_family_updated"":{""13"":""Mangal"",""14"":""Mangal"",""15"":""Mangal"",""16"":""Mangal"",""17"":""Mangal"",""18"":""Mangal""},""font_size_updated"":{""13"":20,""14"":20,""15"":20,""16"":20,""17"":20,""18"":20},""children"":{""13"":null,""14"":null,""15"":null,""16"":null,""17"":null,""18"":null}}",,33.0,"[{'text': 'अस्वीकरण:', 'conf': 56, 'text_left': 457, 'text_top': 3104, 'text_width': 269, 'text_height': 54}, {'text': 'वदैशी', 'conf': 43, 'text_left': 773, 'text_top': 3102, 'text_width': 100, 'text_height': 58}, {'text': 'भ्राषा', 'conf': 57, 'text_left': 912, 'text_top': 3114, 'text_width': 115, 'text_height': 41}, {'text': 'में', 'conf': 96, 'text_left': 1067, 'text_top': 3101, 'text_width': 51, 'text_height': 54}, {'text': 'निर्णय', 'conf': 95, 'text_left': 1157, 'text_top': 3100, 'text_width': 152, 'text_height': 55}, {'text': 'का', 'conf': 94, 'text_left': 1348, 'text_top': 3117, 'text_width': 69, 'text_height': 38}, {'text': 'अनुवाद', 'conf': 93, 'text_left': 1450, 'text_top': 3116, 'text_width': 182, 'text_height': 63}, {'text': 'मुकद्द्मेबाज़', 'conf': 70, 'text_left': 1670, 'text_top': 3102, 'text_width': 302, 'text_height': 77}, {'text': 'के', 'conf': 95, 'text_left': 2012, 'text_top': 3102, 'text_width': 53, 'text_height': 53}, {'text': 'सीमित', 'conf': 94, 'text_left': 2105, 'text_top': 3102, 'text_width': 164, 'text_height': 56}, {'text': 'प्रयोग', 'conf': 92, 'text_left': 463, 'text_top': 3200, 'text_width': 137, 'text_height': 53}, {'text': 'हैतु', 'conf': 46, 'text_left': 623, 'text_top': 3200, 'text_width': 80, 'text_height': 77}, {'text': 'किया', 'conf': 94, 'text_left': 729, 'text_top': 3200, 'text_width': 125, 'text_height': 53}, {'text': 'गया', 'conf': 95, 'text_left': 881, 'text_top': 3215, 'text_width': 103, 'text_height': 38}, {'text': 'हैं', 'conf': 90, 'text_left': 1006, 'text_top': 3199, 'text_width': 42, 'text_height': 63}, {'text': 'ताकि', 'conf': 94, 'text_left': 1073, 'text_top': 3200, 'text_width': 126, 'text_height': 56}, {'text': 'वो', 'conf': 84, 'text_left': 1225, 'text_top': 3200, 'text_width': 58, 'text_height': 53}, {'text': 'अपनी', 'conf': 81, 'text_left': 1303, 'text_top': 3202, 'text_width': 148, 'text_height': 52}, {'text': 'भाषा', 'conf': 65, 'text_left': 1476, 'text_top': 3212, 'text_width': 116, 'text_height': 41}, {'text': 'में', 'conf': 96, 'text_left': 1617, 'text_top': 3199, 'text_width': 51, 'text_height': 54}, {'text': '5H', 'conf': 64, 'text_left': 1689, 'text_top': 3200, 'text_width': 86, 'text_height': 65}, {'text': 'समझा', 'conf': 73, 'text_left': 1801, 'text_top': 3215, 'text_width': 141, 'text_height': 49}, {'text': 'सके', 'conf': 76, 'text_left': 1967, 'text_top': 3199, 'text_width': 95, 'text_height': 57}, {'text': 'एवं', 'conf': 75, 'text_left': 2090, 'text_top': 3199, 'text_width': 75, 'text_height': 55}, {'text': 'यह', 'conf': 77, 'text_left': 2193, 'text_top': 3215, 'text_width': 77, 'text_height': 47}, {'text': 'किसी', 'conf': 94, 'text_left': 462, 'text_top': 3298, 'text_width': 129, 'text_height': 56}, {'text': 'अन्य', 'conf': 89, 'text_left': 616, 'text_top': 3312, 'text_width': 128, 'text_height': 40}, {'text': 'प्रयोजन', 'conf': 93, 'text_left': 775, 'text_top': 3298, 'text_width': 182, 'text_height': 53}, {'text': 'हैतठु', 'conf': 62, 'text_left': 983, 'text_top': 3298, 'text_width': 81, 'text_height': 77}, {'text': 'प्रयोग', 'conf': 95, 'text_left': 1096, 'text_top': 3298, 'text_width': 136, 'text_height': 53}, {'text': 'नहीं', 'conf': 95, 'text_left': 1261, 'text_top': 3297, 'text_width': 96, 'text_height': 63}, {'text': 'किया', 'conf': 93, 'text_left': 1386, 'text_top': 3298, 'text_width': 126, 'text_height': 53}, {'text': 'जाएगा।', 'conf': 67, 'text_left': 1542, 'text_top': 3308, 'text_width': 169, 'text_height': 56}, {'text': 'समस्त', 'conf': 92, 'text_left': 1747, 'text_top': 3313, 'text_width': 165, 'text_height': 41}, {'text': 'कार्यालयी', 'conf': 89, 'text_left': 1942, 'text_top': 3296, 'text_width': 221, 'text_height': 56}, {'text': 'एवं', 'conf': 95, 'text_left': 2194, 'text_top': 3297, 'text_width': 76, 'text_height': 55}, {'text': 'व्यावहारिक', 'conf': 91, 'text_left': 462, 'text_top': 3396, 'text_width': 261, 'text_height': 62}, {'text': 'प्रयोजनं', 'conf': 31, 'text_left': 754, 'text_top': 3395, 'text_width': 195, 'text_height': 54}, {'text': 'हेतु', 'conf': 61, 'text_left': 976, 'text_top': 3396, 'text_width': 81, 'text_height': 77}, {'text': 'निर्णय', 'conf': 95, 'text_left': 1086, 'text_top': 3394, 'text_width': 152, 'text_height': 55}, {'text': 'का', 'conf': 91, 'text_left': 1267, 'text_top': 3411, 'text_width': 69, 'text_height': 38}, {'text': 'अँग्रेज़ी', 'conf': 53, 'text_left': 1359, 'text_top': 3395, 'text_width': 160, 'text_height': 62}, {'text': 'स्वरुप', 'conf': 83, 'text_left': 1548, 'text_top': 3411, 'text_width': 149, 'text_height': 41}, {'text': 'ही', 'conf': 93, 'text_left': 1723, 'text_top': 3396, 'text_width': 58, 'text_height': 62}, {'text': 'अभिप्रमाणित', 'conf': 90, 'text_left': 1805, 'text_top': 3396, 'text_width': 315, 'text_height': 56}, {'text': 'माना', 'conf': 96, 'text_left': 2148, 'text_top': 3411, 'text_width': 121, 'text_height': 38}, {'text': 'जाएगा', 'conf': 96, 'text_left': 462, 'text_top': 3509, 'text_width': 159, 'text_height': 39}, {'text': 'ऑर', 'conf': 61, 'text_left': 653, 'text_top': 3493, 'text_width': 102, 'text_height': 57}, {'text': 'कार्यान्वयन', 'conf': 85, 'text_left': 792, 'text_top': 3492, 'text_width': 267, 'text_height': 55}, {'text': 'तथा', 'conf': 95, 'text_left': 1096, 'text_top': 3506, 'text_width': 103, 'text_height': 44}, {'text': 'लागू', 'conf': 92, 'text_left': 1238, 'text_top': 3509, 'text_width': 105, 'text_height': 60}, {'text': 'किए', 'conf': 96, 'text_left': 1380, 'text_top': 3494, 'text_width': 106, 'text_height': 54}, {'text': 'जाने', 'conf': 95, 'text_left': 1524, 'text_top': 3494, 'text_width': 108, 'text_height': 53}, {'text': 'हेतु', 'conf': 64, 'text_left': 1666, 'text_top': 3494, 'text_width': 81, 'text_height': 77}, {'text': 'उसे', 'conf': 88, 'text_left': 1781, 'text_top': 3494, 'text_width': 87, 'text_height': 56}, {'text': 'ही', 'conf': 95, 'text_left': 1903, 'text_top': 3494, 'text_width': 56, 'text_height': 62}, {'text': 'वरीयता', 'conf': 54, 'text_left': 1997, 'text_top': 3494, 'text_width': 178, 'text_height': 56}, {'text': 'दी', 'conf': 86, 'text_left': 2212, 'text_top': 3494, 'text_width': 57, 'text_height': 58}, {'text': 'जाएगी)', 'conf': 55, 'text_left': 462, 'text_top': 3594, 'text_width': 169, 'text_height': 64}]"
